order_id,date,time,order_type,branch_code,order_items,order_price,customer_lat,customer_lon,customerHasloyalty?,distance_to_customer_KM,delivery_fee
ORDI02496,2018-10-03,17:07:36,Dinner,NS,"[('Pasta', 9), ('Shrimp', 6)]",571.5,-37.8027335,144.9632425,0,6.998,13.0035457
ORDK03017,2018-08-19,15:36:20,Lunch,BK,"[('Steak', 6), ('Chicken', 6), ('Salad', 4), ('Burger', 7), ('Fries', 7)]",831.8,-37.8027816,144.9473529,0,8.932,16.4132756
ORDY09597,2018-06-02,13:04:13,Lunch,TP,"[('Burger', 6), ('Fries', 9), ('Steak', 8), ('Salad', 9)]",808.8,-37.8116287,145.0115724,0,12.045,16.7146455
ORDC03234,2018-04-14,11:22:49,Breakfast,NS,"[('Cereal', 8), ('Coffee', 4), ('Eggs', 3)]",264.0,-37.8183002,144.9968055,0,9.837,16.4894151
ORDJ03635,2018-07-03,14:05:04,Lunch,TP,"[('Salad', 9), ('Fries', 1), ('Steak', 10), ('Chicken', 6)]",808.8,-37.8197639,144.9814256,0,8.901,12.0560151
ORDC02408,2018-06-10,13:14:21,Lunch,NS,"[('Burger', 3), ('Fries', 8), ('Steak', 8), ('Salad', 7), ('Chicken', 10)]",989.4,-37.8017589,144.957393,0,7.45,15.1034753
ORDZ09373,2018-03-05,10:01:41,Breakfast,NS,"[('Cereal', 2), ('Pancake', 8)]",236.0,-37.8209806,145.0004038,0,10.432,15.2223455
ORDA02782,2018-07-31,14:55:46,Lunch,BK,"[('Burger', 5), ('Fries', 4), ('Steak', 2)]",293.0,-37.794305,144.9873975,0,6.896,13.2121211
ORDA03002,2018-07-06,14:05:04,Lunch,BK,"[('Chicken', 9), ('Burger', 9), ('Fries', 2), ('Salad', 8), ('Steak', 1)]",773.6,-37.7922131,144.9600395,0,9.229,15.3733271
ORDK02438,2018-07-28,14:55:46,Lunch,BK,"[('Chicken', 4), ('Burger', 3), ('Salad', 5), ('Steak', 6)]",577.0,-37.8048636,144.987693,0,5.812,14.2220158
ORDC00307,2018-05-02,12:03:22,Lunch,NS,"[('Burger', 7), ('Steak', 9), ('Fries', 5), ('Salad', 4)]",750.8,-37.8118954,144.9655785,0,7.649,13.3749467
ORDZ06850,2018-07-26,14:45:38,Lunch,NS,"[('Chicken', 5), ('Burger', 8), ('Fries', 8), ('Steak', 8), ('Salad', 5)]",950.0,-37.7992985,144.9701036,0,6.245,12.0998385
ORDC02007,2018-08-13,15:26:11,Lunch,NS,"[('Steak', 3), ('Salad', 8), ('Burger', 6), ('Chicken', 1), ('Fries', 6)]",562.6,-37.8056933,144.94122,0,9.357,14.6898657
ORDJ08072,2018-07-30,14:55:46,Lunch,TP,"[('Burger', 1), ('Steak', 5)]",256.0,-37.7993969,144.9676441,0,9.986,12.5030897
ORDZ04334,2018-04-05,11:02:32,Breakfast,NS,"[('Eggs', 9), ('Coffee', 8)]",258.0,-37.8176462,144.9520836,0,9.111,14.0439867
ORDZ09822,2018-10-06,17:07:36,Dinner,NS,"[('Salmon', 6), ('Shrimp', 8), ('Fish&Chips', 1)]",713.0,-37.8226539,144.9778429,0,8.806,16.6834893
ORDK01695,2018-03-21,10:32:06,Breakfast,BK,"[('Cereal', 5), ('Coffee', 10)]",180.0,-37.8139816,144.9604015,0,7.932,12.8005434
ORDA04189,2018-12-22,19:49:51,Dinner,BK,"[('Shrimp', 2), ('Pasta', 1), ('Fish&Chips', 2)]",205.5,-37.8096824,144.9725933,0,6.728,15.6308179
ORDJ08497,2018-06-25,13:44:47,Lunch,TP,"[('Chicken', 5), ('Steak', 10), ('Burger', 7)]",827.0,-37.8245633,144.982912,0,8.906,12.6556288
ORDK09559,2018-10-16,17:27:53,Dinner,BK,"[('Fish&Chips', 10), ('Shrimp', 7), ('Salmon', 10)]",1138.0,-37.8223138,144.9967983,0,5.472,12.3370623
ORDC09310,2018-12-11,19:19:26,Dinner,NS,"[('Pasta', 7), ('Shrimp', 9), ('Salmon', 6)]",924.5,-37.8052407,144.9723874,0,6.845,12.4324668
ORDC06993,2018-03-31,10:52:23,Breakfast,NS,"[('Coffee', 8), ('Cereal', 4)]",144.0,-37.818374,144.971088,0,8.359,15.3764239
ORDY09625,2018-01-14,08:20:16,Breakfast,TP,"[('Coffee', 7), ('Eggs', 4)]",140.5,-37.8123258,144.9735736,1,8.738,6.5981485
ORDX06543,2018-02-15,09:31:16,Breakfast,BK,"[('Cereal', 1), ('Eggs', 10)]",241.0,-37.8078975,144.9835946,0,5.72,11.0390979
ORDK02911,2018-01-09,08:10:08,Breakfast,BK,"[('Pancake', 2), ('Coffee', 6), ('Eggs', 5)]",203.5,-37.8102909,144.9692455,1,7.003,5.4249665
ORDJ05696,2018-09-10,16:16:54,Dinner,TP,"[('Salmon', 7), ('Shrimp', 5), ('Fish&Chips', 1), ('Pasta', 6)]",757.0,-37.8161995,144.9640906,0,7.781,12.1217269
ORDX02916,2018-05-08,12:13:31,Lunch,BK,"[('Steak', 9), ('Burger', 10), ('Fries', 4), ('Salad', 7)]",883.4,-37.8048808,144.9705639,0,7.107,13.3517267
ORDA06542,2018-04-27,11:43:05,Breakfast,BK,"[('Coffee', 9), ('Cereal', 9), ('Eggs', 9), ('Pancake', 10)]",697.0,-37.8017334,144.9416826,0,9.492,14.3033981
ORDJ04716,2018-08-08,15:16:03,Lunch,TP,"[('Salad', 9), ('Burger', 8)]",402.8,-37.8097211,144.972937,0,9.043,12.1772684
ORDI02368,2018-09-16,16:37:10,Dinner,NS,"[('Fish&Chips', 9), ('Salmon', 1)]",356.0,-37.8038875,144.9810214,0,7.3,14.9346105
ORDY09571,2018-10-24,17:48:10,Dinner,TP,"[('Shrimp', 10), ('Fish&Chips', 6), ('Salmon', 8), ('Pasta', 5)]",1215.5,-37.8194034,144.9631209,0,7.794,11.9041782
ORDZ06689,2018-11-25,18:49:00,Dinner,NS,"[('Fish&Chips', 7), ('Salmon', 2)]",327.0,-37.8087794,144.9828008,0,7.895,15.8617949
ORDJ01433,2018-12-15,19:29:34,Dinner,TP,"[('Shrimp', 2), ('Fish&Chips', 5), ('Salmon', 1), ('Pasta', 9)]",571.5,-37.8242902,144.9445345,0,9.074,14.8310677
ORDY01817,2018-12-01,19:09:17,Dinner,TP,"[('Fish&Chips', 1), ('Shrimp', 3), ('Salmon', 10)]",607.0,-37.8187083,144.9663392,0,7.757,13.7050532
ORDI02674,2018-07-15,14:25:21,Lunch,NS,"[('Burger', 3), ('Fries', 4)]",141.0,-37.8186623,144.9928325,0,9.571,17.0581662
ORDY01158,2018-04-06,11:02:32,Breakfast,TP,"[('Eggs', 9), ('Coffee', 10)]",273.0,-37.8184127,144.9641682,0,7.622,11.0393992
ORDZ03188,2018-07-29,14:55:46,Lunch,NS,"[('Chicken', 6), ('Steak', 5), ('Burger', 1)]",448.0,-37.8151782,144.9450536,0,9.193,16.7473505
ORDC04257,2018-09-10,16:16:54,Dinner,NS,"[('Salmon', 2), ('Shrimp', 10), ('Pasta', 1)]",649.5,-37.820783,144.9486473,0,9.718,15.4520526
ORDX02975,2018-03-09,10:11:49,Breakfast,BK,"[('Eggs', 6), ('Pancake', 7), ('Coffee', 3), ('Cereal', 1)]",345.25,-37.8138276,144.9912074,0,5.296,10.2463084
ORDY06344,2018-11-30,18:59:09,Dinner,TP,"[('Fish&Chips', 7), ('Shrimp', 6)]",569.0,-37.8095558,144.9725328,0,9.12,12.883145
ORDJ10874,2018-11-12,18:28:43,Dinner,TP,"[('Pasta', 7), ('Fish&Chips', 8)]",472.5,-37.8156604,144.9389514,0,10.346,21.5455731
ORDC07828,2018-06-26,13:44:47,Lunch,NS,"[('Fries', 6), ('Steak', 10), ('Salad', 8), ('Chicken', 9), ('Burger', 7)]",1164.6,-37.8111243,145.0017881,0,9.648,15.5468584
ORDB07478,2018-08-22,15:36:20,Lunch,TP,"[('Salad', 6), ('Burger', 5), ('Steak', 8), ('Chicken', 8)]",874.2,-37.7969156,144.9646571,0,10.1,13.3090372
ORDK05900,2018-08-03,15:05:54,Lunch,BK,"[('Fries', 3), ('Chicken', 2), ('Salad', 3), ('Steak', 1)]",196.6,-37.8121744,144.9739415,0,6.773,12.401062
ORDX06120,2018-06-12,13:24:30,Lunch,BK,"[('Steak', 6), ('Salad', 5), ('Burger', 3), ('Chicken', 8), ('Fries', 9)]",813.0,-37.8056124,144.94536,0,9.072,7.67792805
ORDC06912,2018-07-29,14:55:46,Lunch,NS,"[('Chicken', 8), ('Burger', 9), ('Steak', 2), ('Salad', 1)]",642.2,-37.8148687,144.9663033,0,8.007,15.4009101
ORDY06181,2018-08-23,15:46:28,Lunch,TP,"[('Steak', 1), ('Chicken', 2)]",109.0,-37.8044113,144.9935662,0,11.036,13.8402338
ORDZ00017,2018-07-23,14:45:38,Lunch,NS,"[('Fries', 9), ('Chicken', 10), ('Salad', 5), ('Steak', 8)]",874.0,-37.8120034,144.9908827,0,8.881,7.16946165
ORDZ05193,2018-01-22,08:40:33,Breakfast,NS,"[('Eggs', 4), ('Pancake', 2), ('Coffee', 5), ('Cereal', 4)]",258.0,-37.8014794,144.9768469,0,6.696,11.619397
ORDI05730,2018-10-03,17:07:36,Dinner,NS,"[('Pasta', 2), ('Shrimp', 10)]",595.0,-37.8025886,144.963136,0,6.977,13.5166009
ORDY07145,2018-03-19,10:32:06,Breakfast,TP,"[('Pancake', 7), ('Cereal', 5), ('Coffee', 7)]",327.25,-37.8119981,144.9568429,0,8.623,11.529819
ORDY03058,2018-06-01,12:54:05,Lunch,TP,"[('Salad', 2), ('Fries', 3), ('Steak', 7), ('Chicken', 6), ('Burger', 10)]",887.4,-37.7949801,144.9309314,0,11.848,14.7715361
ORDK05939,2018-07-28,14:55:46,Lunch,BK,"[('Chicken', 3), ('Burger', 7), ('Fries', 10), ('Salad', 3)]",484.6,-37.8107208,144.9586769,0,7.894,16.3326423
ORDC03117,2018-04-10,11:12:40,Breakfast,NS,"[('Eggs', 4), ('Cereal', 1), ('Pancake', 6), ('Coffee', 7)]",307.0,-37.8205606,144.9669005,0,8.795,14.0291638
ORDK06275,2018-11-07,18:18:35,Dinner,BK,"[('Shrimp', 5), ('Fish&Chips', 2), ('Salmon', 8)]",668.0,-37.8132,144.9628376,0,7.686,14.3610579
ORDI05782,2018-04-24,11:43:05,Breakfast,NS,"[('Coffee', 7), ('Cereal', 5)]",157.5,-37.8113345,144.958376,0,8.434,12.8954474
ORDX04066,2018-02-28,09:51:32,Breakfast,BK,"[('Eggs', 8), ('Pancake', 8), ('Cereal', 9), ('Coffee', 10)]",634.0,-37.8092053,144.9494048,0,8.825,13.6556486
ORDA02662,2018-10-30,17:58:18,Dinner,BK,"[('Pasta', 7), ('Salmon', 3), ('Shrimp', 7)]",693.5,-37.8077306,144.9734019,0,6.515,13.73352
ORDY07399,2018-03-23,10:32:06,Breakfast,TP,"[('Coffee', 9), ('Pancake', 9), ('Eggs', 4), ('Cereal', 10)]",583.75,-37.8238423,144.9814975,0,8.796,10.7889265
ORDA09970,2018-12-18,19:39:43,Dinner,BK,"[('Pasta', 3), ('Salmon', 5), ('Fish&Chips', 3)]",392.5,-37.8089712,144.9492046,0,8.857,16.0542898
ORDC00832,2018-10-04,17:07:36,Dinner,NS,"[('Salmon', 6), ('Fish&Chips', 6), ('Pasta', 6), ('Shrimp', 9)]",1107.0,-37.8050924,144.9344702,0,9.962,15.8402468
ORDA01478,2018-07-08,14:15:12,Lunch,BK,"[('Chicken', 7), ('Steak', 10), ('Burger', 3), ('Fries', 1), ('Salad', 3)]",830.6,-37.8135733,144.9502382,0,8.666,16.8837791
ORDC04773,2018-01-27,08:50:42,Breakfast,NS,"[('Eggs', 9), ('Coffee', 2)]",213.0,-37.8095847,144.9639966,0,7.404,14.2897127
ORDZ04125,2018-10-10,17:17:44,Dinner,NS,"[('Pasta', 7), ('Salmon', 8)]",520.5,-37.8126705,144.9520012,0,8.643,7.4849471
ORDZ04481,2018-06-01,12:54:05,Lunch,NS,"[('Burger', 3), ('Fries', 7), ('Chicken', 7), ('Steak', 1)]",446.0,-37.8253884,144.9569107,0,9.735,15.2222276
ORDX10902,2018-11-11,18:28:43,Dinner,BK,"[('Fish&Chips', 2), ('Pasta', 6), ('Shrimp', 5), ('Salmon', 1)]",546.0,-37.8116818,144.9831732,0,5.803,14.9834813
ORDB04398,2018-02-05,09:10:59,Breakfast,TP,"[('Eggs', 9), ('Pancake', 9), ('Cereal', 1), ('Coffee', 4)]",467.25,-37.8245484,144.9885013,0,9.189,12.0119211
ORDA09209,2018-04-23,11:43:05,Breakfast,BK,"[('Cereal', 4), ('Coffee', 5)]",121.5,-37.8187815,144.9534358,0,8.788,14.4191041
ORDX10414,2018-04-15,11:22:49,Breakfast,BK,"[('Pancake', 5), ('Cereal', 9), ('Coffee', 5)]",347.75,-37.8142295,145.0119189,0,3.858,10.4974076
ORDB00587,2018-01-21,08:40:33,Breakfast,TP,"[('Eggs', 10), ('Cereal', 8), ('Coffee', 8)]",448.0,-37.802952,144.9765919,0,9.823,13.7720166
ORDK10002,2018-01-03,08:00:00,Breakfast,BK,"[('Pancake', 9), ('Cereal', 9), ('Coffee', 1), ('Eggs', 9)]",612.75,-37.8033457,145.018623,1,6.035,5.7998944
ORDK08240,2018-06-17,13:34:38,Lunch,BK,"[('Burger', 9), ('Chicken', 9), ('Fries', 6), ('Salad', 7)]",759.4,-37.8014095,144.9643554,0,7.917,16.0231039
ORDI07027,2018-09-23,16:47:19,Dinner,NS,"[('Pasta', 5), ('Fish&Chips', 10)]",487.5,-37.8042237,144.9968882,0,8.754,16.466376
ORDC05595,2018-03-08,10:11:49,Breakfast,NS,"[('Eggs', 6), ('Coffee', 7), ('Pancake', 8), ('Cereal', 3)]",441.5,-37.8079398,144.9733751,0,7.099,12.018276
ORDB04827,2018-11-22,18:49:00,Dinner,TP,"[('Salmon', 3), ('Shrimp', 10), ('Pasta', 4)]",773.0,-37.8210808,144.983917,0,9.018,19.186873050000003
ORDJ10712,2018-08-13,15:26:11,Lunch,TP,"[('Fries', 3), ('Burger', 10), ('Steak', 6)]",616.0,-37.8240266,144.9699522,0,8.062,12.1124502
ORDC00998,2018-01-28,08:50:42,Breakfast,NS,"[('Cereal', 5), ('Eggs', 9)]",303.0,-37.8049246,144.9348886,0,9.871,16.8421754
ORDZ06487,2018-12-15,19:29:34,Dinner,NS,"[('Pasta', 4), ('Salmon', 1)]",151.0,-37.8243866,144.9437285,0,10.567,18.8769038
ORDY08885,2018-05-26,12:43:56,Lunch,TP,"[('Steak', 4), ('Salad', 5), ('Burger', 3)]",359.0,-37.8058495,144.9558643,0,9.299,14.1448631
ORDK06802,2018-04-04,11:02:32,Breakfast,BK,"[('Pancake', 10), ('Cereal', 10), ('Eggs', 6), ('Coffee', 7)]",637.0,-37.8238015,144.9476026,0,9.476,13.9181994
ORDI07917,2018-02-13,09:21:07,Breakfast,NS,"[('Eggs', 5), ('Cereal', 4), ('Coffee', 5), ('Pancake', 5)]",352.75,-37.8036161,144.9704513,0,7.262,12.4419597
ORDA02189,2018-08-01,14:55:46,Lunch,BK,"[('Burger', 9), ('Fries', 7), ('Steak', 8), ('Chicken', 10), ('Salad', 6)]",1146.2,-37.8023647,144.9718769,0,7.215,13.0247247
ORDK06319,2018-02-12,09:21:07,Breakfast,BK,"[('Coffee', 4), ('Cereal', 9)]",219.0,-37.8140499,144.9716334,0,7.039,11.7622123
ORDB07678,2018-07-23,14:45:38,Lunch,TP,"[('Burger', 6), ('Steak', 10)]",636.0,-37.8144895,144.9721788,0,8.41,11.677314
ORDY05580,2018-03-12,10:11:49,Breakfast,TP,"[('Cereal', 1), ('Eggs', 1), ('Coffee', 3), ('Pancake', 5)]",186.75,-37.8241457,144.9644798,0,7.784,10.6997861
ORDK10583,2018-06-09,13:14:21,Lunch,BK,"[('Salad', 5), ('Burger', 4), ('Steak', 3), ('Chicken', 5)]",505.0,-37.8043313,144.9483399,0,8.834,17.3009965
ORDJ04025,2018-04-13,11:22:49,Breakfast,TP,"[('Pancake', 2), ('Eggs', 5), ('Coffee', 8), ('Cereal', 7)]",365.5,-37.8021485,144.9442805,0,10.427,12.5416424
ORDB02220,2018-03-16,10:21:58,Breakfast,TP,"[('Pancake', 5), ('Eggs', 4), ('Cereal', 3)]",272.25,-37.8054851,145.0044602,0,11.964,14.4665472
ORDX04131,2018-08-24,15:46:28,Lunch,BK,"[('Chicken', 10), ('Steak', 1), ('Burger', 10), ('Salad', 5)]",761.0,-37.8013696,144.9530666,0,8.536,14.6329329
ORDA02638,2018-10-01,16:57:27,Dinner,BK,"[('Fish&Chips', 7), ('Pasta', 6)]",410.0,-37.8016271,144.9869375,0,6.072,6.5220881
ORDC07214,2018-12-01,18:59:09,Dinner,NS,"[('Pasta', 5), ('Fish&Chips', 9), ('Shrimp', 10), ('Salmon', 8)]",1320.5,-37.8000195,145.0055703,0,9.537,17.4861546
ORDA10713,2018-09-30,16:57:27,Dinner,BK,"[('Fish&Chips', 9), ('Salmon', 8), ('Pasta', 7)]",835.5,-37.7993843,144.925888,0,11.058,20.7692295
ORDI07457,2018-03-20,10:32:06,Breakfast,NS,"[('Cereal', 1), ('Eggs', 3), ('Coffee', 2), ('Pancake', 3)]",174.75,-37.8097055,144.9596272,0,7.86,12.5162071
ORDZ03467,2018-02-08,09:10:59,Breakfast,NS,"[('Coffee', 9), ('Eggs', 2)]",111.5,-37.8168264,144.9505586,0,9.724,14.6910578
ORDB05614,2018-09-12,16:27:02,Dinner,TP,"[('Pasta', 2), ('Salmon', 4)]",219.0,-37.8195507,144.9636518,0,7.507,12.0062667
ORDC00488,2018-08-27,15:46:28,Lunch,NS,"[('Salad', 2), ('Fries', 3), ('Burger', 2), ('Steak', 1)]",177.4,-37.8212146,144.9559613,0,9.391,7.37770005
ORDA02715,2018-02-07,09:10:59,Breakfast,BK,"[('Cereal', 7), ('Pancake', 8)]",341.0,-37.8236288,144.9431858,0,10.0,15.1800158
ORDI05369,2018-02-01,09:00:50,Breakfast,NS,"[('Eggs', 1), ('Pancake', 8), ('Coffee', 3)]",238.5,-37.8029305,144.9291756,0,10.046,14.6174404
ORDB10159,2018-06-09,13:14:21,Lunch,TP,"[('Chicken', 1), ('Fries', 7), ('Burger', 7), ('Salad', 1), ('Steak', 2)]",440.2,-37.8043419,144.9488589,0,9.913,14.8617
ORDZ01825,2018-09-10,16:16:54,Dinner,NS,"[('Fish&Chips', 10), ('Shrimp', 7), ('Salmon', 6), ('Pasta', 6)]",1139.0,-37.820783,144.9486473,0,9.718,15.7216439
ORDB02874,2018-12-29,20:00:00,Dinner,TP,"[('Shrimp', 8), ('Salmon', 6), ('Fish&Chips', 6)]",888.0,-37.8132381,144.9715599,0,8.557,14.4489234
ORDX02020,2018-01-24,08:40:33,Breakfast,BK,"[('Eggs', 1), ('Cereal', 8)]",190.0,-37.8061701,144.9550219,0,8.179,13.1476901
ORDK02086,2018-02-19,09:31:16,Breakfast,BK,"[('Eggs', 5), ('Cereal', 7), ('Coffee', 2)]",272.0,-37.807166,144.946179,0,9.054,13.7717784
ORDA06283,2018-06-03,13:04:13,Lunch,BK,"[('Salad', 4), ('Steak', 6)]",338.8,-37.8164201,144.970951,0,7.087,15.233754
ORDB04542,2018-06-05,13:04:13,Lunch,TP,"[('Fries', 5), ('Burger', 10), ('Salad', 4), ('Chicken', 3)]",534.8,-37.8243169,145.0120641,0,11.561,14.3173587
ORDI03432,2018-04-01,10:52:23,Breakfast,NS,"[('Cereal', 9), ('Pancake', 5), ('Eggs', 7), ('Coffee', 6)]",509.25,-37.8180277,144.9538422,0,9.066,16.0885377
ORDB06950,2018-05-18,12:33:48,Lunch,TP,"[('Steak', 6), ('Burger', 4)]",394.0,-37.8030375,145.004495,0,12.094,15.1878924
ORDJ01170,2018-08-22,15:46:28,Lunch,TP,"[('Steak', 6), ('Fries', 5), ('Chicken', 10), ('Salad', 4), ('Burger', 1)]",749.8,-37.8094529,145.016066,0,12.745,15.1842608
ORDB00249,2018-12-29,20:00:00,Dinner,TP,"[('Fish&Chips', 2), ('Pasta', 7)]",262.5,-37.81322,144.9712788,0,8.546,14.6816098
ORDI05801,2018-02-08,09:10:59,Breakfast,NS,"[('Eggs', 1), ('Pancake', 4), ('Coffee', 10)]",194.0,-37.8087783,144.9704425,0,7.169,11.7583554
ORDB10262,2018-03-07,10:01:41,Breakfast,TP,"[('Eggs', 6), ('Cereal', 4), ('Coffee', 7)]",268.5,-37.8131761,144.9513395,0,9.077,11.6945415
ORDK08158,2018-10-25,17:48:10,Dinner,BK,"[('Shrimp', 4), ('Fish&Chips', 9)]",531.0,-37.8205299,144.9661119,0,7.97,14.3925672
ORDY00637,2018-03-26,10:42:15,Breakfast,TP,"[('Eggs', 7), ('Coffee', 8)]",214.0,-37.8000597,144.9746291,0,10.134,12.8546275
ORDA09730,2018-02-10,09:21:07,Breakfast,BK,"[('Pancake', 10), ('Cereal', 1)]",263.5,-37.8098086,144.9668899,0,7.181,14.5650908
ORDK04498,2018-12-12,19:29:34,Dinner,BK,"[('Salmon', 3), ('Fish&Chips', 2), ('Pasta', 1)]",220.5,-37.8129669,144.9655656,0,7.769,14.704898
ORDB02020,2018-11-27,18:59:09,Dinner,TP,"[('Shrimp', 3), ('Fish&Chips', 2), ('Salmon', 7)]",519.0,-37.8161305,144.9455199,0,9.494,13.4084848
ORDC02931,2018-04-26,11:43:05,Breakfast,NS,"[('Coffee', 8), ('Eggs', 9), ('Cereal', 10)]",468.0,-37.8188045,144.9658251,0,8.627,13.7934155
ORDX05155,2018-01-11,08:20:16,Breakfast,BK,"[('Pancake', 2), ('Coffee', 2)]",63.5,-37.807285,144.9570447,1,8.213,6.683322
ORDX09488,2018-05-02,12:03:22,Lunch,BK,"[('Salad', 1), ('Fries', 4), ('Steak', 6), ('Chicken', 3)]",431.2,-37.8116618,144.9654703,0,7.397,20.3595306
ORDA07325,2018-05-02,11:53:14,Breakfast,BK,"[('Eggs', 6), ('Coffee', 3)]",154.5,-37.8077142,144.9524056,0,8.529,13.7239785
ORDZ06537,2018-02-04,09:00:50,Breakfast,NS,"[('Coffee', 4), ('Cereal', 10), ('Pancake', 3)]",312.75,-37.8091736,144.9563099,0,8.019,15.7150161
ORDA10916,2018-03-31,10:52:23,Breakfast,BK,"[('Pancake', 10), ('Cereal', 6)]",368.5,-37.8179112,144.9667569,0,7.547,7.55515565
ORDI02227,2018-02-15,09:21:07,Breakfast,NS,"[('Eggs', 9), ('Pancake', 8)]",392.0,-37.8155991,144.9622488,0,8.285,13.1620147
ORDC00627,2018-05-02,12:03:22,Lunch,NS,"[('Chicken', 4), ('Fries', 5), ('Steak', 1), ('Salad', 9), ('Burger', 2)]",449.8,-37.8062153,144.9595345,0,7.623,13.2754554
ORDK01835,2018-01-04,08:00:00,Breakfast,BK,"[('Pancake', 7), ('Cereal', 9), ('Coffee', 10), ('Eggs', 1)]",455.75,-37.8207051,144.9485447,1,9.224,3.8403768
ORDA05280,2018-09-06,16:16:54,Dinner,BK,"[('Pasta', 2), ('Fish&Chips', 3), ('Shrimp', 9)]",646.0,-37.8194434,144.9768094,0,7.221,14.138173
ORDZ09107,2018-04-24,11:43:05,Breakfast,NS,"[('Cereal', 8), ('Eggs', 7), ('Coffee', 6), ('Pancake', 8)]",561.0,-37.8030418,144.99806,0,8.699,14.10163
ORDK06320,2018-05-14,12:23:39,Lunch,BK,"[('Fries', 3), ('Salad', 2), ('Steak', 6), ('Burger', 5), ('Chicken', 8)]",751.4,-37.8068665,144.9644399,0,7.299,13.4255161
ORDY06365,2018-05-15,12:23:39,Lunch,TP,"[('Chicken', 6), ('Fries', 3), ('Salad', 2), ('Steak', 5)]",487.4,-37.8081641,144.9711114,0,9.183,12.2325913
ORDJ10366,2018-07-13,14:25:21,Lunch,TP,"[('Fries', 10), ('Salad', 9), ('Steak', 7), ('Burger', 5)]",744.8,-37.8222313,144.9758609,0,8.088,11.8161125
ORDZ00789,2018-10-10,17:17:44,Dinner,NS,"[('Fish&Chips', 7), ('Pasta', 6)]",410.0,-37.8122377,144.9535131,0,8.521,14.8394295
ORDI10534,2018-01-04,08:00:00,Breakfast,NS,"[('Coffee', 10), ('Pancake', 10), ('Eggs', 6)]",449.5,-37.8118941,144.9393496,1,9.85,6.9839612
ORDY00301,2018-02-26,09:51:32,Breakfast,TP,"[('Coffee', 9), ('Pancake', 5), ('Eggs', 5)]",298.75,-37.8094626,144.9723672,0,9.1,11.940635
ORDC02259,2018-01-23,08:40:33,Breakfast,NS,"[('Eggs', 9), ('Coffee', 4), ('Pancake', 7)]",397.75,-37.8073876,144.9322708,0,10.435,14.9398155
ORDA06499,2018-07-26,14:45:38,Lunch,BK,"[('Chicken', 5), ('Burger', 7), ('Fries', 8)]",473.0,-37.8062355,144.9335839,0,10.242,16.5052896
ORDB07004,2018-11-24,18:49:00,Dinner,TP,"[('Pasta', 1), ('Fish&Chips', 9), ('Salmon', 10), ('Shrimp', 6)]",1076.5,-37.8129572,144.9405455,0,10.099,15.6250793
ORDB02222,2018-06-19,13:34:38,Lunch,TP,"[('Salad', 7), ('Burger', 9), ('Fries', 1), ('Chicken', 5)]",571.4,-37.8239376,145.0014275,0,10.54,13.5470308
ORDI06362,2018-10-29,17:58:18,Dinner,NS,"[('Salmon', 1), ('Fish&Chips', 1), ('Shrimp', 1)]",130.0,-37.8142199,145.0061672,0,10.336,16.1575814
ORDK00001,2018-12-10,19:19:26,Dinner,BK,"[('Pasta', 4), ('Salmon', 9)]",479.0,-37.8121182,144.9380601,0,10.369,17.6145426
ORDI01665,2018-11-13,18:28:43,Dinner,NS,"[('Fish&Chips', 8), ('Salmon', 3)]",403.0,-37.8011344,144.9617028,0,6.96,13.3252154
ORDA09118,2018-04-27,11:43:05,Breakfast,BK,"[('Pancake', 8), ('Cereal', 7)]",341.0,-37.8005886,144.9424587,0,9.533,14.6020375
ORDY08277,2018-01-06,08:10:08,Breakfast,TP,"[('Cereal', 7), ('Pancake', 10), ('Coffee', 3)]",412.0,-37.8108189,145.003222,1,11.302,7.8879412
ORDK02601,2018-12-20,19:39:43,Dinner,BK,"[('Salmon', 5), ('Pasta', 4), ('Shrimp', 4), ('Fish&Chips', 7)]",776.0,-37.8161714,144.9338037,0,10.314,16.6411058
ORDJ08281,2018-02-20,09:31:16,Breakfast,TP,"[('Eggs', 9), ('Coffee', 8)]",258.0,-37.8034238,144.9540106,0,9.645,12.149271
ORDZ10114,2018-05-13,12:23:39,Lunch,NS,"[('Burger', 9), ('Fries', 1), ('Chicken', 7), ('Steak', 4), ('Salad', 2)]",729.4,-37.8005394,144.9346418,0,6.705,14.2586989
ORDJ07959,2018-10-21,17:38:01,Dinner,TP,"[('Fish&Chips', 10), ('Shrimp', 4)]",566.0,-37.8072243,144.9924968,0,10.627,16.4228193
ORDC10586,2018-04-09,11:12:40,Breakfast,NS,"[('Cereal', 1), ('Coffee', 6)]",66.0,-37.8078938,144.9733125,0,7.092,12.1866312
ORDJ03143,2018-06-06,13:04:13,Lunch,TP,"[('Salad', 10), ('Steak', 10), ('Fries', 6), ('Chicken', 3)]",790.0,-37.8034206,144.9491175,0,9.947,13.4377758
ORDB05801,2018-06-24,13:44:47,Lunch,TP,"[('Burger', 4), ('Salad', 10), ('Fries', 8), ('Chicken', 2)]",456.0,-37.8250019,144.9827671,0,8.968,14.0320723
ORDA07783,2018-11-20,18:38:52,Dinner,BK,"[('Shrimp', 6), ('Pasta', 6), ('Fish&Chips', 4), ('Salmon', 1)]",670.0,-37.8138328,144.9360399,0,10.224,16.6560759
ORDA10662,2018-02-02,09:00:50,Breakfast,BK,"[('Eggs', 5), ('Cereal', 5), ('Pancake', 6)]",360.5,-37.8234884,144.9861192,0,6.617,11.1215311
ORDC04441,2018-06-07,13:14:21,Lunch,NS,"[('Steak', 9), ('Fries', 7), ('Chicken', 3)]",585.0,-37.8253383,144.9585212,0,9.857,15.0707825
ORDX05011,2018-11-04,18:08:27,Dinner,BK,"[('Pasta', 5), ('Shrimp', 9), ('Salmon', 3)]",746.5,-37.8115423,144.9525382,0,8.485,18.1795498
ORDI01057,2018-04-06,11:02:32,Breakfast,NS,"[('Pancake', 9), ('Eggs', 5), ('Coffee', 6), ('Cereal', 4)]",457.25,-37.8240109,144.9830631,0,9.283,14.1775963
ORDI08270,2018-05-26,12:43:56,Lunch,NS,"[('Chicken', 4), ('Fries', 9)]",236.0,-37.8178522,145.014074,0,11.437,19.3163913
ORDY10192,2018-11-08,18:18:35,Dinner,TP,"[('Fish&Chips', 9), ('Pasta', 4), ('Salmon', 4)]",589.0,-37.8115493,144.9832912,0,9.375,13.6968047
ORDB03451,2018-01-18,08:30:25,Breakfast,TP,"[('Eggs', 7), ('Coffee', 7), ('Pancake', 1)]",230.75,-37.8040667,144.9668552,1,9.494,5.5003817
ORDC11039,2018-07-22,14:35:29,Lunch,NS,"[('Burger', 6), ('Salad', 9), ('Fries', 9)]",448.8,-37.8227676,144.9579929,0,9.458,16.849848
ORDB06645,2018-02-12,09:21:07,Breakfast,TP,"[('Eggs', 8), ('Pancake', 3), ('Cereal', 10)]",458.75,-37.8245216,144.988509,0,9.193,11.4423126
ORDY02534,2018-08-07,15:16:03,Lunch,TP,"[('Fries', 8), ('Steak', 8), ('Burger', 9), ('Salad', 4)]",803.8,-37.812384,144.9539514,0,8.846,11.9822209
ORDB07177,2018-11-16,18:28:43,Dinner,TP,"[('Fish&Chips', 9), ('Pasta', 10), ('Salmon', 8)]",918.0,-37.8202524,144.9854686,0,9.199,13.2302542
ORDC09029,2018-01-04,08:00:00,Breakfast,NS,"[('Eggs', 9), ('Cereal', 7)]",345.0,-37.805023,144.9612698,1,4.028,4.561401
ORDK02925,2018-05-06,12:03:22,Lunch,BK,"[('Fries', 8), ('Burger', 2)]",158.0,-37.8081032,144.9477129,0,9.034,17.975031
ORDI02062,2018-05-26,12:43:56,Lunch,NS,"[('Salad', 10), ('Fries', 4), ('Steak', 10), ('Burger', 10), ('Chicken', 10)]",1300.0,-37.8059424,144.9788756,0,7.271,7.38059865
ORDX08384,2018-12-31,20:00:00,Dinner,BK,"[('Salmon', 5), ('Pasta', 5), ('Shrimp', 4), ('Fish&Chips', 9)]",873.5,-37.8079403,145.0087965,0,3.74,10.5678665
ORDB01674,2018-08-10,15:16:03,Lunch,TP,"[('Steak', 4), ('Chicken', 10), ('Salad', 9), ('Fries', 9), ('Burger', 9)]",1041.8,-37.7991671,144.9634291,0,9.921,12.7480209
ORDC07233,2018-04-19,11:32:57,Breakfast,NS,"[('Eggs', 10), ('Coffee', 9), ('Cereal', 3), ('Pancake', 7)]",520.25,-37.8138663,144.9715854,0,7.648,12.7307508
ORDK05476,2018-06-11,13:14:21,Lunch,BK,"[('Chicken', 10), ('Steak', 5), ('Fries', 4), ('Burger', 3), ('Salad', 5)]",772.0,-37.8244487,144.9471944,0,9.554,15.9548073
ORDB01652,2018-05-09,12:13:31,Lunch,TP,"[('Fries', 7), ('Salad', 5)]",170.0,-37.8017065,144.9636652,0,9.562,13.1406733
ORDB02588,2018-12-22,19:49:51,Dinner,TP,"[('Pasta', 7), ('Shrimp', 1)]",246.5,-37.8184144,144.9473841,0,9.174,14.6008043
ORDZ05780,2018-11-18,18:38:52,Dinner,NS,"[('Pasta', 7), ('Salmon', 10), ('Shrimp', 4)]",818.5,-37.8108044,145.003225,0,9.718,17.7262724
ORDJ09037,2018-05-12,12:13:31,Lunch,TP,"[('Salad', 4), ('Steak', 6), ('Burger', 2)]",400.8,-37.7963818,144.9398892,0,11.21,16.4202614
ORDY08954,2018-12-25,19:49:51,Dinner,TP,"[('Salmon', 8), ('Fish&Chips', 1), ('Pasta', 5), ('Shrimp', 7)]",878.5,-37.8066584,144.9407679,0,10.272,14.0144843
ORDX04118,2018-04-22,11:43:05,Breakfast,BK,"[('Coffee', 5), ('Cereal', 7)]",184.5,-37.8188629,144.9531155,0,8.818,16.4048687
ORDJ02346,2018-09-14,16:27:02,Dinner,TP,"[('Fish&Chips', 10), ('Pasta', 2), ('Salmon', 8)]",733.0,-37.7996025,144.9953789,0,11.593,15.4818876
ORDJ05143,2018-10-16,17:27:53,Dinner,TP,"[('Shrimp', 9), ('Fish&Chips', 6), ('Pasta', 4)]",806.0,-37.8219025,144.9917951,0,9.692,13.6128478
ORDX07268,2018-10-28,17:58:18,Dinner,BK,"[('Pasta', 5), ('Fish&Chips', 2), ('Salmon', 5)]",412.5,-37.8094365,144.9473781,0,9.047,18.7863509
ORDC00418,2018-02-07,09:10:59,Breakfast,NS,"[('Cereal', 2), ('Coffee', 7), ('Pancake', 9), ('Eggs', 4)]",400.75,-37.824397,144.9885463,0,9.609,14.0317164
ORDA09338,2018-12-16,19:29:34,Dinner,BK,"[('Salmon', 2), ('Shrimp', 5), ('Fish&Chips', 9), ('Pasta', 9)]",914.5,-37.8056214,144.9505783,0,8.574,18.016588
ORDA10027,2018-07-16,14:25:21,Lunch,BK,"[('Salad', 6), ('Steak', 6)]",373.2,-37.8198422,144.9408034,0,9.989,15.9089348
ORDY03323,2018-07-29,14:55:46,Lunch,TP,"[('Chicken', 6), ('Burger', 9)]",471.0,-37.8092586,144.9418784,0,10.006,14.8831768
ORDI01178,2018-06-25,13:44:47,Lunch,NS,"[('Fries', 1), ('Burger', 10), ('Chicken', 1), ('Steak', 4), ('Salad', 10)]",706.0,-37.824325,144.9844744,0,9.516,7.65219285
ORDA07343,2018-07-03,14:05:04,Lunch,BK,"[('Burger', 8), ('Fries', 7)]",332.0,-37.8125548,144.9650658,0,7.472,13.6688349
ORDX02617,2018-07-27,14:45:38,Lunch,BK,"[('Fries', 3), ('Chicken', 2)]",100.0,-37.7995965,144.9695882,0,7.645,13.448688
ORDA08338,2018-12-13,19:29:34,Dinner,BK,"[('Shrimp', 9), ('Fish&Chips', 7)]",731.0,-37.8236459,144.9878827,0,6.412,12.7898525
ORDB04228,2018-02-23,09:41:24,Breakfast,TP,"[('Eggs', 7), ('Coffee', 9), ('Pancake', 10), ('Cereal', 6)]",590.0,-37.7990648,144.9454199,0,10.693,13.6401822
ORDI00503,2018-10-05,17:07:36,Dinner,NS,"[('Salmon', 3), ('Fish&Chips', 9)]",438.0,-37.8084651,144.9558133,0,8.055,14.1018825
ORDA02291,2018-03-22,10:32:06,Breakfast,BK,"[('Cereal', 4), ('Coffee', 8)]",144.0,-37.8178914,144.9619646,0,7.951,13.0314801
ORDC08121,2018-01-08,08:10:08,Breakfast,NS,"[('Cereal', 4), ('Pancake', 2), ('Coffee', 7), ('Eggs', 1)]",207.0,-37.809441,144.9813953,1,7.883,6.809184
ORDC10861,2018-12-15,19:29:34,Dinner,NS,"[('Salmon', 9), ('Fish&Chips', 2), ('Shrimp', 6)]",763.0,-37.8245307,144.9434495,0,10.596,18.502975
ORDI07185,2018-01-09,08:10:08,Breakfast,NS,"[('Pancake', 6), ('Eggs', 3)]",211.5,-37.8111151,144.9664363,1,7.491,6.1028708
ORDI06560,2018-09-18,16:37:10,Dinner,NS,"[('Fish&Chips', 4), ('Pasta', 8)]",360.0,-37.8069395,144.9578788,0,8.103,14.230477
ORDJ04167,2018-05-29,12:54:05,Lunch,TP,"[('Burger', 6), ('Fries', 1)]",198.0,-37.8006519,144.9269859,0,13.275,16.2064523
ORDA06899,2018-08-15,15:26:11,Lunch,BK,"[('Salad', 7), ('Chicken', 3), ('Burger', 10)]",526.4,-37.8216561,145.0025611,0,4.972,10.7710091
ORDK00717,2018-12-15,19:29:34,Dinner,BK,"[('Fish&Chips', 7), ('Salmon', 7), ('Shrimp', 4)]",748.0,-37.8245911,144.9434375,0,9.904,19.1221261
ORDY06433,2018-06-19,13:34:38,Lunch,TP,"[('Steak', 8), ('Salad', 6), ('Burger', 5)]",618.2,-37.8233445,145.0060163,0,11.051,13.8296951
ORDA10577,2018-03-14,10:21:58,Breakfast,BK,"[('Coffee', 5), ('Cereal', 4), ('Pancake', 4), ('Eggs', 6)]",350.5,-37.8025657,145.0050374,0,5.311,10.4292644
ORDA04951,2018-01-05,08:00:00,Breakfast,BK,"[('Pancake', 2), ('Eggs', 4), ('Coffee', 8), ('Cereal', 6)]",322.5,-37.8025192,144.9922671,1,6.707,5.9412596
ORDC06422,2018-08-11,15:16:03,Lunch,NS,"[('Chicken', 5), ('Fries', 4), ('Salad', 4), ('Burger', 4)]",400.8,-37.8186212,144.9532323,0,10.649,18.5838997
ORDK00093,2018-11-20,18:38:52,Dinner,BK,"[('Pasta', 4), ('Fish&Chips', 8), ('Shrimp', 1)]",444.0,-37.8138328,144.9360399,0,10.224,17.3800136
ORDX09217,2018-11-25,18:49:00,Dinner,BK,"[('Fish&Chips', 2), ('Salmon', 1), ('Pasta', 5), ('Shrimp', 7)]",626.5,-37.8061015,144.9585153,0,7.834,17.3228356
ORDA04456,2018-11-24,18:49:00,Dinner,BK,"[('Salmon', 3), ('Shrimp', 10), ('Fish&Chips', 10), ('Pasta', 5)]",1150.5,-37.8256878,144.9979001,0,5.699,15.0475154
ORDJ07626,2018-11-19,18:38:52,Dinner,TP,"[('Pasta', 9), ('Fish&Chips', 7), ('Salmon', 4)]",656.5,-37.8189749,145.0081364,0,11.356,15.675889
ORDA07842,2018-08-27,15:56:37,Lunch,BK,"[('Fries', 2), ('Chicken', 9), ('Salad', 2), ('Steak', 6)]",616.4,-37.8020574,144.9826137,0,6.421,12.2161878
ORDX05979,2018-08-26,15:46:28,Lunch,BK,"[('Burger', 1), ('Chicken', 2), ('Steak', 5), ('Fries', 8), ('Salad', 9)]",570.8,-37.8123375,144.9385228,0,10.441,19.246732
ORDK00964,2018-07-12,14:25:21,Lunch,BK,"[('Chicken', 8), ('Steak', 6), ('Salad', 7), ('Fries', 8)]",742.4,-37.8269131,144.9809013,0,7.862,14.2442999
ORDC08987,2018-03-05,10:01:41,Breakfast,NS,"[('Cereal', 9), ('Coffee', 5), ('Pancake', 8), ('Eggs', 9)]",618.5,-37.8161542,144.9603214,0,8.469,20.76158805
ORDJ01641,2018-12-18,19:39:43,Dinner,TP,"[('Shrimp', 2), ('Salmon', 7), ('Pasta', 9)]",642.5,-37.8082365,144.9473397,0,9.776,13.902472
ORDY09842,2018-08-18,15:36:20,Lunch,TP,"[('Chicken', 5), ('Burger', 4)]",284.0,-37.8133165,144.9667147,0,8.289,13.0062882
ORDA02190,2018-11-04,18:08:27,Dinner,BK,"[('Fish&Chips', 9), ('Pasta', 2), ('Shrimp', 1), ('Salmon', 8)]",752.0,-37.8115569,144.9525449,0,8.487,17.9668289
ORDI06045,2018-05-13,12:23:39,Lunch,NS,"[('Salad', 1), ('Steak', 6)]",287.2,-37.7995785,144.9596198,0,7.232,14.5902948
ORDA03496,2018-01-20,08:30:25,Breakfast,BK,"[('Cereal', 8), ('Eggs', 6)]",300.0,-37.8046747,144.9756311,0,6.695,13.3473364
ORDX00412,2018-07-18,14:35:29,Lunch,BK,"[('Fries', 9), ('Steak', 10), ('Salad', 6), ('Burger', 8)]",909.2,-37.811881,145.0120477,0,3.479,8.8388324
ORDJ04674,2018-09-13,16:27:02,Dinner,TP,"[('Fish&Chips', 7), ('Shrimp', 9), ('Pasta', 1), ('Salmon', 1)]",799.5,-37.8090207,144.9289276,0,11.175,14.7182283
ORDA05736,2018-04-09,11:12:40,Breakfast,BK,"[('Eggs', 4), ('Pancake', 1), ('Cereal', 10), ('Coffee', 6)]",367.25,-37.8206199,144.9487372,0,9.207,13.8159442
ORDK02661,2018-07-24,14:45:38,Lunch,BK,"[('Salad', 2), ('Steak', 9), ('Chicken', 5)]",599.4,-37.798913,145.0005299,0,5.452,10.9428062
ORDI03429,2018-03-01,09:51:32,Breakfast,NS,"[('Cereal', 5), ('Pancake', 1), ('Coffee', 4), ('Eggs', 2)]",203.25,-37.8064769,145.0080747,0,9.809,14.8515975
ORDY02376,2018-01-11,08:20:16,Breakfast,TP,"[('Pancake', 7), ('Cereal', 9)]",358.75,-37.8142917,144.9631103,1,8.013,2.56586335
ORDA08561,2018-06-29,13:54:55,Lunch,BK,"[('Steak', 3), ('Salad', 7), ('Burger', 1), ('Chicken', 1), ('Fries', 8)]",414.4,-37.8233935,145.0133676,0,4.944,10.1615099
ORDY04509,2018-11-15,18:28:43,Dinner,TP,"[('Fish&Chips', 7), ('Shrimp', 8)]",677.0,-37.8197041,145.0144204,0,11.918,15.2354731
ORDJ02717,2018-05-31,12:54:05,Lunch,TP,"[('Burger', 8), ('Salad', 5), ('Fries', 6), ('Steak', 4)]",586.0,-37.7936242,144.9735255,0,10.846,14.2277635
ORDK07031,2018-10-22,17:48:10,Dinner,BK,"[('Fish&Chips', 2), ('Shrimp', 6), ('Pasta', 9)]",641.5,-37.8138993,145.0072957,0,3.727,10.7946236
ORDA03939,2018-09-10,16:16:54,Dinner,BK,"[('Shrimp', 6), ('Salmon', 1)]",365.0,-37.8147957,144.9448989,0,9.175,15.7465536
ORDJ05994,2018-03-07,10:11:49,Breakfast,TP,"[('Eggs', 10), ('Pancake', 6), ('Cereal', 5), ('Coffee', 1)]",478.0,-37.8078707,144.9730414,0,9.25,12.0338391
ORDK09109,2018-04-12,11:22:49,Breakfast,BK,"[('Coffee', 2), ('Eggs', 2)]",59.0,-37.8141233,144.9623075,0,7.848,12.6550844
ORDX07430,2018-06-10,13:14:21,Lunch,BK,"[('Salad', 9), ('Burger', 5)]",309.8,-37.8144423,144.9474527,0,8.94,17.7390725
ORDZ03769,2018-04-26,11:43:05,Breakfast,NS,"[('Eggs', 4), ('Cereal', 8)]",256.0,-37.817961,144.9666691,0,8.42,13.4115242
ORDK05653,2018-03-30,10:52:23,Breakfast,BK,"[('Pancake', 10), ('Eggs', 7)]",396.5,-37.8162393,144.9640706,0,7.758,12.6002215
ORDA10404,2018-08-11,15:16:03,Lunch,BK,"[('Burger', 7), ('Fries', 6), ('Chicken', 2), ('Steak', 10), ('Salad', 7)]",923.4,-37.8123252,144.9480564,0,10.396,18.4709368
ORDB03008,2018-12-20,19:39:43,Dinner,TP,"[('Shrimp', 2), ('Salmon', 4), ('Fish&Chips', 7), ('Pasta', 1)]",544.5,-37.8170882,144.932764,0,10.72,21.9035976
ORDJ01530,2018-12-12,19:29:34,Dinner,TP,"[('Pasta', 6), ('Fish&Chips', 8), ('Shrimp', 1), ('Salmon', 3)]",622.0,-37.8139832,144.9645678,0,8.091,12.451794
ORDZ02617,2018-08-28,15:56:37,Lunch,NS,"[('Chicken', 3), ('Fries', 1), ('Salad', 5)]",194.0,-37.8209194,144.956098,0,9.349,14.820206
ORDC10042,2018-08-15,15:26:11,Lunch,NS,"[('Fries', 4), ('Steak', 2)]",138.0,-37.80828,144.9768389,0,7.397,13.0316885
ORDJ08829,2018-11-29,18:59:09,Dinner,TP,"[('Pasta', 8), ('Shrimp', 7)]",598.0,-37.8088956,144.9577571,0,8.944,12.5572121
ORDC03021,2018-08-31,15:56:37,Lunch,NS,"[('Chicken', 5), ('Fries', 10), ('Salad', 10), ('Steak', 1)]",497.0,-37.8011317,144.9628861,0,6.851,12.1307243
ORDB04370,2018-03-03,10:01:41,Breakfast,TP,"[('Coffee', 10), ('Cereal', 10), ('Pancake', 6), ('Eggs', 1)]",452.5,-37.809817,144.9730337,0,9.033,13.1643432
ORDK03120,2018-12-30,20:00:00,Dinner,BK,"[('Pasta', 1), ('Salmon', 4), ('Shrimp', 9)]",677.5,-37.8158064,144.9373219,0,10.021,19.8476989
ORDI09107,2018-01-27,08:50:42,Breakfast,NS,"[('Eggs', 10), ('Cereal', 2), ('Pancake', 6)]",407.5,-37.805919,144.9392258,0,9.459,16.4927363
ORDK07223,2018-10-19,17:38:01,Dinner,BK,"[('Salmon', 7), ('Fish&Chips', 10), ('Shrimp', 3)]",799.0,-37.8007294,145.0037888,0,5.446,12.3841968
ORDJ10448,2018-07-21,14:35:29,Lunch,TP,"[('Chicken', 5), ('Burger', 7), ('Fries', 8), ('Salad', 1), ('Steak', 9)]",895.2,-37.8259548,144.9818306,0,8.961,14.1090305
ORDI08748,2018-01-25,08:40:33,Breakfast,NS,"[('Pancake', 1), ('Cereal', 3), ('Eggs', 8), ('Coffee', 9)]",330.75,-37.8103271,144.961445,0,7.644,12.0657384
ORDX07525,2018-03-29,10:52:23,Breakfast,BK,"[('Cereal', 2), ('Coffee', 6), ('Pancake', 9)]",305.25,-37.812137,144.9935001,0,4.9,9.6283834
ORDC07822,2018-01-22,08:40:33,Breakfast,NS,"[('Cereal', 3), ('Pancake', 2)]",111.5,-37.8003038,144.9718336,0,6.4,11.4808464
ORDZ04872,2018-09-27,16:57:27,Dinner,NS,"[('Shrimp', 1), ('Pasta', 4)]",164.0,-37.805173,144.9450317,0,8.897,14.3500433
ORDY05773,2018-09-13,16:27:02,Dinner,TP,"[('Pasta', 8), ('Fish&Chips', 3), ('Shrimp', 8), ('Salmon', 6)]",1003.0,-37.8143828,144.9354512,0,10.632,14.3700334
ORDY00141,2018-06-28,13:54:55,Lunch,TP,"[('Chicken', 9), ('Salad', 8)]",425.6,-37.8067564,144.9877288,0,10.26,13.2865117
ORDI03461,2018-10-18,17:38:01,Dinner,NS,"[('Fish&Chips', 4), ('Pasta', 7), ('Salmon', 6)]",578.5,-37.8186183,144.9670084,0,8.492,14.7897831
ORDB04702,2018-04-13,11:22:49,Breakfast,TP,"[('Pancake', 4), ('Eggs', 8), ('Coffee', 10), ('Cereal', 5)]",453.0,-37.8028864,144.9508198,0,9.95,12.3119172
ORDZ05782,2018-09-25,16:47:19,Dinner,NS,"[('Shrimp', 3), ('Fish&Chips', 1)]",197.0,-37.8034065,144.9665448,0,6.71,12.2693607
ORDX10619,2018-08-12,15:26:11,Lunch,BK,"[('Chicken', 6), ('Salad', 3), ('Burger', 9), ('Steak', 3), ('Fries', 7)]",741.6,-37.7995837,144.9633874,0,8.123,16.3283032
ORDC05133,2018-10-26,17:48:10,Dinner,NS,"[('Salmon', 3), ('Fish&Chips', 6), ('Pasta', 4)]",443.0,-37.820523,144.9657444,0,8.933,14.7223998
ORDA04083,2018-02-17,09:31:16,Breakfast,BK,"[('Eggs', 1), ('Coffee', 6), ('Cereal', 10), ('Pancake', 3)]",349.75,-37.8261978,144.9860149,0,6.722,20.95859925
ORDA10045,2018-01-28,08:50:42,Breakfast,BK,"[('Eggs', 8), ('Coffee', 10)]",251.0,-37.8047307,144.9352156,0,10.025,17.7054664
ORDX08066,2018-05-22,12:33:48,Lunch,BK,"[('Steak', 3), ('Chicken', 9), ('Fries', 8), ('Burger', 7)]",736.0,-37.8085463,144.9587944,0,7.844,13.123276
ORDZ00012,2018-07-12,14:15:12,Lunch,NS,"[('Chicken', 3), ('Steak', 9), ('Burger', 5), ('Fries', 8)]",752.0,-37.8110323,144.9728563,0,7.383,13.4253677
ORDJ00188,2018-06-06,13:04:13,Lunch,TP,"[('Salad', 6), ('Fries', 6)]",175.2,-37.8031951,144.9491357,0,9.97,13.8899538
ORDC07744,2018-03-28,10:52:23,Breakfast,NS,"[('Coffee', 5), ('Cereal', 8), ('Eggs', 2), ('Pancake', 5)]",370.75,-37.7989324,144.9541514,0,7.608,12.6072153
ORDJ09456,2018-09-23,16:47:19,Dinner,TP,"[('Shrimp', 7), ('Fish&Chips', 8)]",658.0,-37.8000323,144.9949409,0,11.508,16.9054391
ORDC06777,2018-04-17,11:32:57,Breakfast,NS,"[('Eggs', 7), ('Cereal', 3), ('Pancake', 8), ('Coffee', 10)]",486.0,-37.8038008,144.9875014,0,7.871,12.732945
ORDA06335,2018-08-26,15:46:28,Lunch,BK,"[('Chicken', 9), ('Salad', 3), ('Burger', 5)]",494.6,-37.8140484,144.9379666,0,10.187,18.6090182
ORDB10692,2018-04-02,11:02:32,Breakfast,TP,"[('Coffee', 2), ('Pancake', 7), ('Eggs', 6)]",316.75,-37.8139298,144.9570017,0,8.417,11.3024633
ORDY09854,2018-01-12,08:20:16,Breakfast,TP,"[('Pancake', 1), ('Cereal', 1), ('Coffee', 9)]",112.75,-37.8167337,144.9844178,1,9.303,5.7824978
ORDX10067,2018-11-26,18:49:00,Dinner,BK,"[('Fish&Chips', 4), ('Shrimp', 8), ('Salmon', 1)]",613.0,-37.8095586,144.9638384,0,7.381,14.2398311
ORDY00606,2018-07-30,14:55:46,Lunch,TP,"[('Fries', 4), ('Chicken', 9)]",336.0,-37.8046743,144.9931465,0,10.977,14.143807
ORDZ08950,2018-09-08,16:16:54,Dinner,NS,"[('Salmon', 9), ('Pasta', 3), ('Shrimp', 9), ('Fish&Chips', 9)]",1252.5,-37.8210648,144.9770092,0,8.812,17.3690463
ORDC09679,2018-05-11,12:13:31,Lunch,NS,"[('Salad', 2), ('Chicken', 9), ('Burger', 8), ('Steak', 7), ('Fries', 1)]",897.4,-37.8263639,144.9518351,0,10.121,15.883806
ORDX04119,2018-11-03,18:08:27,Dinner,BK,"[('Pasta', 8), ('Shrimp', 3), ('Salmon', 10), ('Fish&Chips', 8)]",1072.0,-37.8114098,144.9520326,0,8.541,26.609498700000003
ORDY08082,2018-08-05,15:05:54,Lunch,TP,"[('Salad', 4), ('Burger', 3), ('Steak', 4), ('Chicken', 10)]",661.8,-37.8099611,144.9434931,0,9.843,14.1015727
ORDI08628,2018-06-23,13:44:47,Lunch,NS,"[('Fries', 10), ('Burger', 8)]",368.0,-37.8005112,144.9999631,0,8.961,16.5066404
ORDZ08549,2018-12-18,19:39:43,Dinner,NS,"[('Salmon', 6), ('Shrimp', 2), ('Pasta', 4), ('Fish&Chips', 8)]",744.0,-37.8149579,144.9275311,0,10.786,25.649042700000003
ORDK03533,2018-12-03,19:09:17,Dinner,BK,"[('Pasta', 6), ('Shrimp', 7)]",543.0,-37.8005121,144.9843609,0,6.41,13.4500687
ORDX05212,2018-03-01,09:51:32,Breakfast,BK,"[('Pancake', 6), ('Eggs', 7), ('Coffee', 8), ('Cereal', 6)]",485.5,-37.8209077,144.9681241,0,7.893,13.2241897
ORDB10065,2018-09-17,16:37:10,Dinner,TP,"[('Salmon', 10), ('Fish&Chips', 2), ('Shrimp', 2)]",588.0,-37.8062334,144.9818136,0,9.909,13.8388309
ORDX04096,2018-09-03,16:06:45,Dinner,BK,"[('Shrimp', 3), ('Salmon', 3), ('Pasta', 3)]",367.5,-37.8098825,144.9364396,0,10.06,17.4720207
ORDA04525,2018-11-14,18:28:43,Dinner,BK,"[('Fish&Chips', 6), ('Salmon', 4), ('Pasta', 5)]",511.5,-37.8006469,144.9616666,0,8.109,14.635253
ORDX02023,2018-08-27,15:56:37,Lunch,BK,"[('Fries', 8), ('Steak', 5), ('Salad', 6), ('Chicken', 8), ('Burger', 10)]",990.2,-37.8192146,144.954247,0,8.698,14.9141481
ORDK05854,2018-08-22,15:46:28,Lunch,BK,"[('Chicken', 10), ('Fries', 10), ('Salad', 2)]",474.4,-37.8023321,144.9868182,0,6.026,17.867643899999997
ORDA09180,2018-01-14,08:20:16,Breakfast,BK,"[('Cereal', 5), ('Pancake', 5)]",226.25,-37.8190062,144.9891819,1,5.884,3.4486672
ORDI07547,2018-09-19,16:37:10,Dinner,NS,"[('Fish&Chips', 7), ('Salmon', 8)]",573.0,-37.8072565,144.9578256,0,8.066,14.3012336
ORDC04049,2018-03-16,10:21:58,Breakfast,NS,"[('Coffee', 7), ('Cereal', 4), ('Pancake', 10), ('Eggs', 4)]",467.0,-37.8075354,144.9704177,0,6.967,11.980031
ORDJ10456,2018-12-16,19:29:34,Dinner,TP,"[('Pasta', 7), ('Salmon', 5)]",397.5,-37.8243787,144.9441878,0,9.106,14.5845716
ORDY09181,2018-02-19,09:31:16,Breakfast,TP,"[('Coffee', 7), ('Eggs', 8)]",228.5,-37.8066742,144.9473078,0,9.875,12.5100046
ORDX01162,2018-09-22,16:47:19,Dinner,BK,"[('Pasta', 10), ('Shrimp', 1), ('Salmon', 8), ('Fish&Chips', 6)]",867.0,-37.8000639,144.9720473,0,7.524,16.7986064
ORDY09186,2018-04-08,11:12:40,Breakfast,TP,"[('Coffee', 7), ('Pancake', 4), ('Cereal', 2)]",191.5,-37.8123458,144.9657878,0,8.38,12.5338998
ORDB07107,2018-08-06,15:05:54,Lunch,TP,"[('Chicken', 10), ('Steak', 2)]",410.0,-37.8072432,144.9687506,0,9.184,12.3193883
ORDZ01826,2018-01-17,08:30:25,Breakfast,NS,"[('Pancake', 7), ('Cereal', 5), ('Eggs', 10)]",494.75,-37.8097706,144.9300462,1,10.608,7.62665
ORDZ08474,2018-01-14,08:20:16,Breakfast,NS,"[('Cereal', 2), ('Eggs', 2)]",86.0,-37.8179153,144.9484878,1,9.43,8.1039493
ORDY06139,2018-06-30,13:54:55,Lunch,TP,"[('Salad', 2), ('Burger', 4)]",158.4,-37.7882653,144.9292018,0,12.616,17.1327462
ORDY07779,2018-09-11,16:27:02,Dinner,TP,"[('Salmon', 9), ('Shrimp', 5), ('Fish&Chips', 1)]",674.0,-37.8004896,144.9905208,0,11.1,15.2252161
ORDJ06305,2018-06-25,13:44:47,Lunch,TP,"[('Salad', 10), ('Steak', 9), ('Fries', 10), ('Chicken', 7), ('Burger', 10)]",1231.0,-37.8241714,144.9837984,0,8.965,12.200886
ORDK09703,2018-08-10,15:16:03,Lunch,BK,"[('Fries', 3), ('Salad', 1), ('Burger', 1), ('Chicken', 3), ('Steak', 7)]",495.2,-37.8261311,144.9606978,0,8.923,14.9901529
ORDK02059,2018-08-02,15:05:54,Lunch,BK,"[('Fries', 5), ('Salad', 2), ('Steak', 8)]",454.4,-37.8230461,144.9780827,0,7.196,12.6278339
ORDJ10700,2018-08-29,15:56:37,Lunch,TP,"[('Steak', 8), ('Salad', 4), ('Fries', 10)]",548.8,-37.8173862,144.9459383,0,9.364,12.2173647
ORDB08794,2018-09-05,16:06:45,Dinner,TP,"[('Salmon', 2), ('Fish&Chips', 1)]",117.0,-37.8160421,144.9286688,0,11.612,15.6357536
ORDZ10846,2018-07-23,14:45:38,Lunch,NS,"[('Burger', 1), ('Chicken', 4), ('Fries', 9), ('Steak', 6), ('Salad', 8)]",674.6,-37.8240632,145.0121007,0,11.656,16.9560564
ORDJ01319,2018-01-11,08:20:16,Breakfast,TP,"[('Pancake', 6), ('Coffee', 8)]",205.5,-37.8166302,144.983921,1,9.26,5.5865899
ORDA05822,2018-07-26,14:45:38,Lunch,BK,"[('Salad', 3), ('Steak', 2), ('Fries', 5), ('Chicken', 2)]",265.6,-37.8166644,144.964952,0,7.699,13.3610248
ORDY02454,2018-09-02,16:06:45,Dinner,TP,"[('Pasta', 4), ('Shrimp', 7)]",488.0,-37.8126426,144.9687743,0,8.493,13.5235208
ORDY06232,2018-05-30,12:54:05,Lunch,TP,"[('Steak', 5), ('Chicken', 10), ('Salad', 8), ('Burger', 9)]",961.6,-37.8067305,144.9393992,0,10.359,13.5567178
ORDA07024,2018-01-19,08:30:25,Breakfast,BK,"[('Cereal', 4), ('Pancake', 5)]",205.25,-37.8008798,144.9857682,0,6.256,11.2176286
ORDK04407,2018-05-01,11:53:14,Breakfast,BK,"[('Eggs', 2), ('Coffee', 10), ('Cereal', 2), ('Pancake', 6)]",306.5,-37.802923,145.0055239,0,5.515,10.0631902
ORDZ06451,2018-07-29,14:55:46,Lunch,NS,"[('Fries', 7), ('Salad', 1), ('Steak', 10)]",551.2,-37.8126793,144.9595761,0,8.023,15.5207242
ORDI10793,2018-05-13,12:23:39,Lunch,NS,"[('Fries', 7), ('Chicken', 6)]",276.0,-37.8045197,144.9601673,0,7.4,14.7063865
ORDC01430,2018-05-14,12:23:39,Lunch,NS,"[('Salad', 2), ('Steak', 3)]",169.4,-37.819178,144.9610553,0,8.859,13.9817881
ORDX04884,2018-04-09,11:12:40,Breakfast,BK,"[('Eggs', 10), ('Coffee', 6), ('Pancake', 3)]",337.75,-37.8206199,144.9487372,0,9.207,14.6491082
ORDB00228,2018-04-29,11:53:14,Breakfast,TP,"[('Eggs', 2), ('Pancake', 4), ('Cereal', 2), ('Coffee', 8)]",243.0,-37.804507,144.9693603,0,9.503,13.4816279
ORDI08259,2018-04-07,11:12:40,Breakfast,NS,"[('Eggs', 1), ('Cereal', 1), ('Pancake', 7)]",212.75,-37.801289,144.9360284,0,7.583,15.5055259
ORDI01470,2018-08-30,15:56:37,Lunch,NS,"[('Salad', 6), ('Fries', 1), ('Steak', 6)]",385.2,-37.8181701,144.9503585,0,9.266,14.7667058
ORDK06289,2018-02-11,09:21:07,Breakfast,BK,"[('Pancake', 6), ('Coffee', 10)]",220.5,-37.8100986,144.9694982,0,6.963,13.7912967
ORDX11009,2018-04-14,11:22:49,Breakfast,BK,"[('Coffee', 2), ('Cereal', 10), ('Eggs', 1)]",247.0,-37.8183002,144.9968055,0,5.075,12.4083876
ORDC06900,2018-06-23,13:44:47,Lunch,NS,"[('Burger', 5), ('Fries', 5), ('Salad', 5), ('Chicken', 6), ('Steak', 3)]",628.0,-37.8063542,144.9580148,0,7.791,15.3707174
ORDA10041,2018-06-06,13:04:13,Lunch,BK,"[('Fries', 4), ('Chicken', 2)]",112.0,-37.8000334,144.9927071,0,5.881,17.06371605
ORDC08594,2018-03-22,10:32:06,Breakfast,NS,"[('Coffee', 7), ('Cereal', 3), ('Eggs', 6)]",247.5,-37.8170761,144.9614947,0,8.536,13.5362322
ORDK04176,2018-05-20,12:33:48,Lunch,BK,"[('Salad', 2), ('Steak', 8), ('Fries', 7), ('Burger', 6)]",664.4,-37.801975,144.9571579,0,8.198,16.3130087
ORDX05062,2018-12-05,19:09:17,Dinner,BK,"[('Fish&Chips', 6), ('Pasta', 10)]",485.0,-37.8187903,144.9553389,0,8.583,15.2416334
ORDI00812,2018-03-11,10:11:49,Breakfast,NS,"[('Pancake', 6), ('Cereal', 7), ('Coffee', 10), ('Eggs', 8)]",543.5,-37.8104759,144.9669605,0,7.371,13.7759082
ORDI07939,2018-03-28,10:52:23,Breakfast,NS,"[('Pancake', 8), ('Eggs', 3), ('Cereal', 6), ('Coffee', 5)]",423.5,-37.8128878,144.9641366,0,7.841,12.7537985
ORDB01798,2018-02-16,09:31:16,Breakfast,TP,"[('Cereal', 1), ('Coffee', 9), ('Pancake', 6), ('Eggs', 4)]",322.0,-37.8018155,144.945695,0,10.326,13.0975685
ORDZ08609,2018-06-01,12:54:05,Lunch,NS,"[('Steak', 3), ('Salad', 5), ('Chicken', 3), ('Fries', 9), ('Burger', 10)]",735.0,-37.8059761,144.986674,0,7.993,13.158764
ORDY01796,2018-04-07,11:12:40,Breakfast,TP,"[('Coffee', 5), ('Pancake', 8), ('Eggs', 2)]",275.5,-37.8192593,145.0112358,0,11.633,15.5992094
ORDJ04325,2018-07-16,14:25:21,Lunch,TP,"[('Fries', 2), ('Steak', 7)]",339.0,-37.8216861,144.9898245,0,9.515,12.5978483
ORDA00045,2018-06-27,13:54:55,Lunch,BK,"[('Steak', 4), ('Burger', 2), ('Fries', 7)]",326.0,-37.8087811,144.9613149,0,7.715,13.7023267
ORDA08685,2018-01-31,08:50:42,Breakfast,BK,"[('Pancake', 7), ('Coffee', 6), ('Cereal', 5), ('Eggs', 8)]",495.75,-37.8153033,144.9631225,0,7.808,12.7194411
ORDA10259,2018-11-19,18:38:52,Dinner,BK,"[('Pasta', 8), ('Fish&Chips', 9), ('Shrimp', 6), ('Salmon', 3)]",982.0,-37.8099114,144.994597,0,4.616,16.44111645
ORDJ04402,2018-04-03,11:02:32,Breakfast,TP,"[('Pancake', 10), ('Cereal', 6), ('Coffee', 2), ('Eggs', 5)]",493.5,-37.8124603,144.9880446,0,9.898,12.8266466
ORDA06239,2018-04-27,11:43:05,Breakfast,BK,"[('Pancake', 4), ('Coffee', 10), ('Cereal', 1)]",193.0,-37.8005886,144.9424587,0,9.533,14.5758615
ORDX01371,2018-08-19,15:36:20,Lunch,BK,"[('Chicken', 5), ('Salad', 6), ('Fries', 9), ('Steak', 10)]",821.2,-37.8143261,144.9632864,0,7.733,15.8460709
ORDB05278,2018-10-15,17:27:53,Dinner,TP,"[('Fish&Chips', 3), ('Salmon', 1), ('Pasta', 4), ('Shrimp', 4)]",472.0,-37.8118516,144.9935419,0,10.435,14.724031
ORDI02600,2018-12-09,19:19:26,Dinner,NS,"[('Fish&Chips', 10), ('Salmon', 1), ('Pasta', 10), ('Shrimp', 3)]",828.0,-37.8116138,144.9381312,0,10.274,17.5391516
ORDZ02018,2018-01-23,08:40:33,Breakfast,NS,"[('Pancake', 4), ('Coffee', 10)]",172.0,-37.8158783,144.9593639,0,8.598,13.700096
ORDZ10993,2018-02-07,09:10:59,Breakfast,NS,"[('Eggs', 1), ('Pancake', 10), ('Cereal', 2), ('Coffee', 9)]",374.0,-37.8097512,144.9728269,0,7.296,12.1876044
ORDZ06276,2018-09-13,16:27:02,Dinner,NS,"[('Pasta', 2), ('Fish&Chips', 2)]",125.0,-37.8151511,144.9448556,0,9.202,15.1203806
ORDI05218,2018-09-10,16:16:54,Dinner,NS,"[('Salmon', 5), ('Fish&Chips', 3), ('Shrimp', 6)]",634.0,-37.8078831,144.9731871,0,7.084,12.9300671
ORDB06894,2018-11-21,18:38:52,Dinner,TP,"[('Pasta', 8), ('Salmon', 5), ('Fish&Chips', 6), ('Shrimp', 3)]",797.0,-37.8080923,144.9758119,0,9.236,12.9301566
ORDI08268,2018-05-19,12:33:48,Lunch,NS,"[('Salad', 1), ('Fries', 3), ('Chicken', 10), ('Steak', 3)]",508.2,-37.8025022,144.9571402,0,7.573,14.6316985
ORDY04839,2018-04-24,11:43:05,Breakfast,TP,"[('Coffee', 7), ('Pancake', 9), ('Eggs', 2)]",314.75,-37.8187462,144.9704251,0,7.841,10.3913995
ORDC07478,2018-12-31,20:00:00,Dinner,NS,"[('Shrimp', 1), ('Fish&Chips', 3), ('Salmon', 4)]",323.0,-37.8044999,145.0020283,0,9.299,15.4798981
ORDI09859,2018-09-22,16:47:19,Dinner,NS,"[('Pasta', 9), ('Shrimp', 10), ('Salmon', 1), ('Fish&Chips', 9)]",1143.5,-37.8050368,144.9927309,0,8.429,17.2257798
ORDY08586,2018-03-01,09:51:32,Breakfast,TP,"[('Coffee', 1), ('Eggs', 8)]",183.5,-37.8232412,144.9378876,0,9.732,11.8582648
ORDX07483,2018-08-04,15:05:54,Lunch,BK,"[('Burger', 8), ('Steak', 3), ('Salad', 2), ('Fries', 10), ('Chicken', 9)]",825.4,-37.8033474,144.9501441,0,8.832,16.8473713
ORDA06569,2018-11-30,18:59:09,Dinner,BK,"[('Pasta', 4), ('Fish&Chips', 2), ('Salmon', 6), ('Shrimp', 2)]",534.0,-37.8096433,144.9725187,0,6.736,13.3131454
ORDX10903,2018-08-26,15:46:28,Lunch,BK,"[('Fries', 6), ('Steak', 10), ('Salad', 1), ('Chicken', 3), ('Burger', 10)]",945.2,-37.8118563,144.9667764,0,7.319,7.7622529
ORDX00591,2018-02-19,09:31:16,Breakfast,BK,"[('Pancake', 6), ('Coffee', 3)]",168.0,-37.806874,144.9782069,0,6.251,11.1406323
ORDI05643,2018-07-16,14:25:21,Lunch,NS,"[('Burger', 7), ('Fries', 8), ('Salad', 9), ('Chicken', 5), ('Steak', 2)]",717.8,-37.8139283,144.9441482,0,9.34,7.3130434
ORDZ05462,2018-11-16,18:28:43,Dinner,NS,"[('Shrimp', 9), ('Pasta', 5), ('Salmon', 2)]",705.5,-37.8119028,144.9780502,0,7.925,14.3648144
ORDI10925,2018-03-21,10:32:06,Breakfast,NS,"[('Eggs', 4), ('Pancake', 4), ('Cereal', 4)]",269.0,-37.8159796,144.9612456,0,8.394,13.1246318
ORDK06113,2018-06-08,13:14:21,Lunch,BK,"[('Steak', 7), ('Salad', 9), ('Fries', 9), ('Burger', 7)]",794.8,-37.8045617,144.9488808,0,8.762,14.8733172
ORDZ11047,2018-01-12,08:20:16,Breakfast,NS,"[('Coffee', 1), ('Pancake', 7), ('Cereal', 7), ('Eggs', 2)]",368.25,-37.7995523,144.9510158,1,7.992,6.4638359
ORDA02855,2018-05-27,12:43:56,Lunch,BK,"[('Salad', 2), ('Fries', 10), ('Burger', 6), ('Chicken', 4)]",468.4,-37.8043856,144.9283024,0,10.688,19.3458025
ORDA08256,2018-04-11,11:12:40,Breakfast,BK,"[('Cereal', 10), ('Pancake', 2), ('Coffee', 7)]",311.0,-37.8082401,144.9632852,0,7.53,12.5846712
ORDY02204,2018-04-29,11:53:14,Breakfast,TP,"[('Coffee', 5), ('Pancake', 5)]",158.75,-37.804029,144.976945,0,9.755,13.9636961
ORDK05007,2018-07-31,14:55:46,Lunch,BK,"[('Salad', 8), ('Chicken', 1)]",169.6,-37.8009468,144.9685286,0,7.609,13.6018212
ORDI03049,2018-01-18,08:30:25,Breakfast,NS,"[('Coffee', 9), ('Eggs', 5)]",177.5,-37.822575,144.9365815,1,10.556,7.8881926
ORDA11049,2018-12-28,20:00:00,Dinner,BK,"[('Fish&Chips', 6), ('Shrimp', 7), ('Salmon', 3)]",711.0,-37.8194613,144.9526561,0,8.839,16.2356176
ORDZ05675,2018-12-30,20:00:00,Dinner,NS,"[('Shrimp', 4), ('Salmon', 3), ('Pasta', 6), ('Fish&Chips', 6)]",714.0,-37.800252,145.0095156,0,10.059,17.9579761
ORDA03243,2018-01-12,08:20:16,Breakfast,BK,"[('Cereal', 7), ('Eggs', 7), ('Pancake', 7)]",470.75,-37.8208969,144.9473712,1,9.337,6.9357842
ORDB08687,2018-10-05,17:07:36,Dinner,TP,"[('Pasta', 9), ('Salmon', 7), ('Fish&Chips', 5)]",709.5,-37.8092433,144.9783574,0,9.294,13.4045649
ORDB07695,2018-11-03,18:08:27,Dinner,TP,"[('Pasta', 6), ('Shrimp', 3), ('Fish&Chips', 5)]",502.0,-37.8065065,144.9776081,0,9.65,15.0541648
ORDJ06014,2018-06-04,13:04:13,Lunch,TP,"[('Chicken', 10), ('Burger', 10), ('Steak', 1), ('Salad', 3)]",726.6,-37.8140916,144.9653595,0,8.184,11.7459566
ORDA09056,2018-06-27,13:44:47,Lunch,BK,"[('Salad', 5), ('Burger', 8), ('Fries', 8)]",430.0,-37.8232695,144.9783224,0,7.181,13.2771209
ORDA04705,2018-08-26,15:46:28,Lunch,BK,"[('Burger', 5), ('Fries', 7), ('Chicken', 5), ('Steak', 9)]",804.0,-37.8135944,144.9374225,0,10.075,18.1761225
ORDI04091,2018-04-25,11:43:05,Breakfast,NS,"[('Eggs', 5), ('Cereal', 1), ('Coffee', 10), ('Pancake', 3)]",278.75,-37.8191695,144.952764,0,9.309,14.2103798
ORDA05645,2018-03-28,10:52:23,Breakfast,BK,"[('Pancake', 8), ('Cereal', 1)]",215.0,-37.8243704,144.9875798,0,6.487,11.0979551
ORDX00933,2018-09-29,16:57:27,Dinner,BK,"[('Shrimp', 4), ('Salmon', 10), ('Pasta', 4), ('Fish&Chips', 3)]",841.0,-37.8165811,144.9375358,0,9.962,19.3221491
ORDX04723,2018-04-28,11:53:14,Breakfast,BK,"[('Pancake', 7), ('Eggs', 7), ('Coffee', 7)]",376.25,-37.8156905,144.9846381,0,6.029,13.5404439
ORDY05195,2018-01-21,08:40:33,Breakfast,TP,"[('Coffee', 9), ('Pancake', 3), ('Cereal', 8), ('Eggs', 6)]",440.25,-37.8063068,144.9644083,0,9.118,13.6703162
ORDY01206,2018-04-06,11:02:32,Breakfast,TP,"[('Pancake', 5), ('Cereal', 8), ('Coffee', 6)]",334.25,-37.8036065,144.9728599,0,9.847,12.0424169
ORDY07365,2018-05-31,12:54:05,Lunch,TP,"[('Chicken', 5), ('Salad', 3)]",211.6,-37.8223004,144.9557533,0,8.111,11.293172
ORDK01885,2018-01-18,08:30:25,Breakfast,BK,"[('Eggs', 9), ('Pancake', 7)]",367.75,-37.822575,144.9365815,1,10.516,7.5236656
ORDY03796,2018-11-17,18:38:52,Dinner,TP,"[('Salmon', 1), ('Fish&Chips', 1), ('Shrimp', 1), ('Pasta', 1)]",157.5,-37.7989897,144.9667971,0,10.034,15.6531691
ORDK00538,2018-07-01,13:54:55,Lunch,BK,"[('Burger', 2), ('Fries', 10), ('Salad', 9), ('Steak', 8), ('Chicken', 8)]",952.8,-37.8104058,144.9449218,0,10.234,18.928798
ORDB02416,2018-01-02,08:00:00,Breakfast,TP,"[('Coffee', 9), ('Eggs', 4)]",155.5,-37.8148614,144.9449731,1,9.577,6.0786781
ORDY08889,2018-09-07,16:16:54,Dinner,TP,"[('Fish&Chips', 7), ('Salmon', 10), ('Shrimp', 10)]",1195.0,-37.8209309,144.9765848,0,8.569,19.10170095
ORDY08887,2018-09-20,16:37:10,Dinner,TP,"[('Shrimp', 1), ('Pasta', 4), ('Fish&Chips', 5), ('Salmon', 5)]",544.0,-37.8209865,145.0135975,0,11.944,16.1450497
ORDA10737,2018-03-25,10:42:15,Breakfast,BK,"[('Eggs', 2), ('Pancake', 2)]",92.5,-37.80802,144.973733,0,6.537,13.9592688
ORDJ02191,2018-11-01,18:08:27,Dinner,TP,"[('Salmon', 7), ('Shrimp', 1)]",341.0,-37.8021102,144.9888496,0,10.781,15.141103
ORDB09536,2018-12-19,19:39:43,Dinner,TP,"[('Pasta', 10), ('Salmon', 4), ('Fish&Chips', 5)]",614.0,-37.8052848,144.9400014,0,10.544,14.1161899
ORDB06691,2018-10-08,17:17:44,Dinner,TP,"[('Shrimp', 9), ('Fish&Chips', 6), ('Salmon', 4)]",860.0,-37.8175846,144.9592077,0,7.943,12.5552529
ORDZ06307,2018-07-01,13:54:55,Lunch,NS,"[('Fries', 5), ('Steak', 2), ('Chicken', 7)]",374.0,-37.8092034,144.9648239,0,7.307,15.1804186
ORDX02198,2018-12-19,19:39:43,Dinner,BK,"[('Salmon', 3), ('Pasta', 5), ('Fish&Chips', 8)]",540.5,-37.8142938,144.9389889,0,9.804,16.7479711
ORDA09333,2018-04-06,11:02:32,Breakfast,BK,"[('Pancake', 1), ('Cereal', 4), ('Coffee', 10)]",183.25,-37.8143648,144.9664884,0,7.479,12.6274625
ORDI05498,2018-06-03,13:04:13,Lunch,NS,"[('Steak', 7), ('Chicken', 2), ('Fries', 7)]",463.0,-37.8180802,144.9703929,0,8.258,15.9568911
ORDA05550,2018-09-29,16:57:27,Dinner,BK,"[('Fish&Chips', 9), ('Pasta', 5), ('Shrimp', 7), ('Salmon', 2)]",912.5,-37.8073472,144.9781648,0,6.198,15.3806826
ORDK03942,2018-09-09,16:16:54,Dinner,BK,"[('Fish&Chips', 3), ('Salmon', 4), ('Shrimp', 1)]",323.0,-37.8081126,144.9788441,0,6.056,15.0476587
ORDB00348,2018-12-16,19:29:34,Dinner,TP,"[('Salmon', 5), ('Shrimp', 5)]",475.0,-37.8243787,144.9442891,0,9.097,14.8323856
ORDB06363,2018-08-31,15:56:37,Lunch,TP,"[('Salad', 4), ('Fries', 3), ('Chicken', 4), ('Steak', 7), ('Burger', 1)]",578.8,-37.8164835,144.9558359,0,8.356,11.8713711
ORDZ06507,2018-11-03,18:08:27,Dinner,NS,"[('Salmon', 7), ('Pasta', 3), ('Fish&Chips', 3), ('Shrimp', 10)]",1014.5,-37.8114098,144.9520326,0,8.563,16.9395591
ORDK05903,2018-08-27,15:56:37,Lunch,BK,"[('Fries', 5), ('Steak', 2), ('Salad', 2), ('Chicken', 2)]",248.4,-37.8170092,144.9534773,0,8.638,14.4027195
ORDK01123,2018-09-29,16:57:27,Dinner,BK,"[('Shrimp', 7), ('Pasta', 6)]",543.0,-37.8019774,144.9527304,0,8.625,18.396997
ORDY07908,2018-01-27,08:50:42,Breakfast,TP,"[('Coffee', 9), ('Cereal', 5)]",172.5,-37.8102573,144.936063,0,10.542,14.5054702
ORDK02092,2018-05-23,12:43:56,Lunch,BK,"[('Burger', 8), ('Chicken', 5), ('Fries', 4), ('Salad', 8), ('Steak', 7)]",908.6,-37.8152202,144.9898946,0,5.527,11.3743695
ORDZ09993,2018-08-19,15:36:20,Lunch,NS,"[('Fries', 5), ('Burger', 4), ('Chicken', 2)]",248.0,-37.8153749,144.9596659,0,8.404,15.705696
ORDK10909,2018-05-29,12:54:05,Lunch,BK,"[('Burger', 1), ('Salad', 7), ('Chicken', 9), ('Steak', 1), ('Fries', 10)]",604.4,-37.8139624,144.9786069,0,6.329,11.6734478
ORDI03243,2018-11-09,18:18:35,Dinner,NS,"[('Salmon', 8), ('Pasta', 2), ('Shrimp', 3)]",545.0,-37.8211152,144.9577686,0,9.272,15.2399764
ORDK05000,2018-09-02,16:06:45,Dinner,BK,"[('Salmon', 2), ('Shrimp', 2), ('Fish&Chips', 10)]",540.0,-37.813047,144.9668505,0,7.372,16.3445519
ORDI07440,2018-09-28,16:57:27,Dinner,NS,"[('Fish&Chips', 3), ('Shrimp', 4), ('Salmon', 7)]",608.0,-37.803873,144.94791,0,8.499,14.0440764
ORDB01279,2018-04-03,11:02:32,Breakfast,TP,"[('Cereal', 2), ('Coffee', 4), ('Eggs', 1), ('Pancake', 7)]",263.75,-37.8132087,144.9903708,0,10.053,12.6637798
ORDI08931,2018-10-07,17:17:44,Dinner,NS,"[('Pasta', 8), ('Shrimp', 10), ('Salmon', 10), ('Fish&Chips', 10)]",1520.0,-37.8199029,144.9613309,0,8.92,17.2940218
ORDY10575,2018-04-19,11:32:57,Breakfast,TP,"[('Coffee', 2), ('Cereal', 1), ('Pancake', 4), ('Eggs', 10)]",353.0,-37.8152153,144.9749471,0,8.451,11.1500839
ORDA08330,2018-02-24,09:41:24,Breakfast,BK,"[('Coffee', 9), ('Cereal', 4), ('Pancake', 1), ('Eggs', 6)]",307.75,-37.8017943,144.9493839,0,8.889,17.1715157
ORDK01412,2018-12-15,19:29:34,Dinner,BK,"[('Fish&Chips', 1), ('Salmon', 1)]",76.0,-37.8241208,144.9439195,0,9.863,19.8805613
ORDC03603,2018-04-12,11:22:49,Breakfast,NS,"[('Eggs', 7), ('Coffee', 2), ('Cereal', 3), ('Pancake', 10)]",474.5,-37.8000629,144.9321884,0,9.701,14.4881973
ORDZ09122,2018-03-26,10:42:15,Breakfast,NS,"[('Coffee', 9), ('Cereal', 7), ('Eggs', 4)]",302.5,-37.8192494,144.9985932,0,10.09,14.7290871
ORDK03038,2018-10-01,16:57:27,Dinner,BK,"[('Shrimp', 2), ('Salmon', 3)]",231.0,-37.8248762,144.9534785,0,9.223,16.427551
ORDZ04241,2018-01-15,08:20:16,Breakfast,NS,"[('Pancake', 3), ('Coffee', 1)]",80.25,-37.8134235,144.9381332,1,9.804,7.5680085
ORDI06196,2018-10-05,17:07:36,Dinner,NS,"[('Shrimp', 8), ('Pasta', 6)]",597.0,-37.8089285,144.9662571,0,7.193,13.0721018
ORDJ09841,2018-12-31,20:00:00,Dinner,TP,"[('Shrimp', 10), ('Fish&Chips', 10), ('Pasta', 10), ('Salmon', 6)]",1411.0,-37.8058735,144.9592833,0,9.023,13.1767833
ORDX08504,2018-04-13,11:22:49,Breakfast,BK,"[('Pancake', 2), ('Coffee', 8), ('Eggs', 1)]",130.5,-37.8259354,145.0071481,0,4.91,9.7268609
ORDK10287,2018-01-02,08:00:00,Breakfast,BK,"[('Cereal', 4), ('Coffee', 6), ('Pancake', 8)]",323.0,-37.8148908,144.9448679,1,9.176,7.7931694
ORDY07642,2018-12-15,19:29:34,Dinner,TP,"[('Pasta', 10), ('Shrimp', 4), ('Fish&Chips', 10), ('Salmon', 6)]",1087.0,-37.8242325,144.9438579,0,9.134,14.6202366
ORDI09057,2018-12-28,20:00:00,Dinner,NS,"[('Salmon', 3), ('Shrimp', 2), ('Pasta', 9)]",478.5,-37.7985199,144.9615174,0,7.085,13.2482225
ORDJ09349,2018-12-12,19:29:34,Dinner,TP,"[('Pasta', 2), ('Fish&Chips', 8), ('Salmon', 1)]",376.0,-37.8237281,144.9878515,0,9.401,20.33302455
ORDZ01434,2018-08-12,15:26:11,Lunch,NS,"[('Fries', 7), ('Burger', 2), ('Salad', 9), ('Steak', 3)]",435.8,-37.8071628,144.9918675,0,8.433,16.3441349
ORDY03460,2018-06-29,13:54:55,Lunch,TP,"[('Salad', 3), ('Steak', 4), ('Fries', 2)]",255.6,-37.8259518,145.012286,0,11.694,14.4884974
ORDX09200,2018-06-10,13:14:21,Lunch,BK,"[('Chicken', 2), ('Steak', 4), ('Salad', 1), ('Fries', 10), ('Burger', 10)]",691.2,-37.8048211,144.993781,0,5.305,13.6385911
ORDX10336,2018-09-17,16:37:10,Dinner,BK,"[('Salmon', 5), ('Shrimp', 10)]",745.0,-37.8062334,144.9818136,0,6.035,12.224477
ORDA02191,2018-06-10,13:14:21,Lunch,BK,"[('Salad', 1), ('Burger', 9), ('Steak', 6), ('Chicken', 7), ('Fries', 1)]",802.2,-37.8208441,144.988386,0,6.05,15.0310361
ORDY03604,2018-01-17,08:30:25,Breakfast,TP,"[('Eggs', 10), ('Coffee', 7)]",272.5,-37.8053562,144.9703744,1,9.5,5.9184854
ORDX01059,2018-01-16,08:30:25,Breakfast,BK,"[('Coffee', 2), ('Eggs', 4)]",103.0,-37.8100311,144.9996581,1,4.219,2.38577045
ORDZ00810,2018-04-26,11:43:05,Breakfast,NS,"[('Cereal', 10), ('Coffee', 1), ('Pancake', 8)]",411.5,-37.8184535,144.9676462,0,8.429,13.6623803
ORDJ01657,2018-11-11,18:28:43,Dinner,TP,"[('Shrimp', 2), ('Pasta', 2), ('Salmon', 8)]",491.0,-37.8027286,144.9665224,0,9.556,15.9814722
ORDA05851,2018-12-30,20:00:00,Dinner,BK,"[('Salmon', 9), ('Pasta', 9)]",616.5,-37.8154849,144.9377978,0,9.984,19.7492411
ORDI02967,2018-01-31,08:50:42,Breakfast,NS,"[('Eggs', 2), ('Pancake', 2), ('Coffee', 1)]",100.0,-37.8216836,144.9306946,0,11.1,16.2037402
ORDJ06393,2018-05-17,12:23:39,Lunch,TP,"[('Fries', 5), ('Burger', 2), ('Chicken', 5), ('Salad', 6), ('Steak', 10)]",835.2,-37.81056,144.9642987,0,8.54,12.1826241
ORDZ10851,2018-09-01,15:56:37,Lunch,NS,"[('Salad', 5), ('Steak', 5), ('Fries', 4), ('Burger', 8)]",607.0,-37.8172191,144.9532949,0,8.976,16.4223513
ORDA03718,2018-06-12,13:24:30,Lunch,BK,"[('Salad', 3), ('Chicken', 1), ('Fries', 1)]",95.6,-37.8023258,144.9578716,0,8.109,14.388409
ORDC06034,2018-11-07,18:18:35,Dinner,NS,"[('Pasta', 5), ('Shrimp', 2)]",245.5,-37.8121351,144.9623412,0,7.822,13.8868624
ORDC08098,2018-06-05,13:04:13,Lunch,NS,"[('Chicken', 2), ('Burger', 6), ('Salad', 7), ('Steak', 10)]",820.4,-37.8200537,144.9583103,0,9.114,14.9921354
ORDY05584,2018-01-12,08:20:16,Breakfast,TP,"[('Coffee', 2), ('Cereal', 7), ('Eggs', 7)]",316.0,-37.8197642,144.9616287,1,7.601,5.3101808
ORDB00729,2018-06-22,13:44:47,Lunch,TP,"[('Salad', 2), ('Fries', 7), ('Steak', 6)]",388.4,-37.8104027,145.0157681,0,12.881,15.8352407
ORDC08306,2018-07-22,14:35:29,Lunch,NS,"[('Salad', 5), ('Burger', 2), ('Chicken', 9), ('Steak', 10)]",886.0,-37.8203134,144.9570956,0,9.216,16.8373471
ORDZ04725,2018-04-20,11:32:57,Breakfast,NS,"[('Eggs', 5), ('Pancake', 10), ('Cereal', 10), ('Coffee', 4)]",592.5,-37.8024434,144.9445601,0,8.683,13.5031233
ORDB06258,2018-12-21,19:39:43,Dinner,TP,"[('Shrimp', 2), ('Pasta', 5), ('Salmon', 9), ('Fish&Chips', 3)]",719.5,-37.8022278,144.9905989,0,10.944,14.7165871
ORDB07021,2018-08-18,15:36:20,Lunch,TP,"[('Chicken', 1), ('Fries', 7)]",116.0,-37.8104777,145.0032768,0,11.341,15.8154645
ORDZ02900,2018-11-06,18:18:35,Dinner,NS,"[('Salmon', 2), ('Shrimp', 8)]",514.0,-37.8103906,144.9612267,0,7.667,14.2011896
ORDA09283,2018-03-31,10:52:23,Breakfast,BK,"[('Pancake', 7), ('Cereal', 3)]",232.75,-37.8059867,144.979449,0,6.243,13.800491
ORDJ09051,2018-10-11,17:17:44,Dinner,TP,"[('Fish&Chips', 3), ('Salmon', 8)]",433.0,-37.8117421,144.9534038,0,8.96,13.0744736
ORDJ00844,2018-10-03,17:07:36,Dinner,TP,"[('Pasta', 6), ('Fish&Chips', 10)]",515.0,-37.8092246,144.9876645,0,9.977,14.0515308
ORDZ09664,2018-06-03,13:04:13,Lunch,NS,"[('Steak', 7), ('Burger', 6), ('Fries', 8), ('Chicken', 1), ('Salad', 6)]",732.2,-37.8024638,144.9805938,0,7.131,14.3027737
ORDA04534,2018-07-10,14:15:12,Lunch,BK,"[('Fries', 8), ('Salad', 5), ('Chicken', 9), ('Steak', 8), ('Burger', 7)]",1047.0,-37.8000371,144.9744259,0,7.287,13.2879618
ORDI01210,2018-12-25,19:49:51,Dinner,NS,"[('Pasta', 4), ('Salmon', 1), ('Shrimp', 10), ('Fish&Chips', 10)]",1041.0,-37.8135093,144.9378039,0,9.835,15.4220257
ORDJ08933,2018-11-18,18:38:52,Dinner,TP,"[('Salmon', 6), ('Fish&Chips', 7), ('Shrimp', 2)]",599.0,-37.8177713,145.0071218,0,11.35,17.0309782
ORDB00654,2018-03-27,10:42:15,Breakfast,TP,"[('Pancake', 1), ('Eggs', 3), ('Coffee', 7), ('Cereal', 2)]",184.75,-37.8014555,144.9689442,0,9.881,12.3969408
ORDA00352,2018-09-01,16:06:45,Dinner,BK,"[('Fish&Chips', 3), ('Salmon', 7)]",392.0,-37.8150115,144.9601599,0,8.013,17.3571609
ORDA06581,2018-03-14,10:21:58,Breakfast,BK,"[('Pancake', 1), ('Coffee', 6), ('Eggs', 10), ('Cereal', 7)]",436.25,-37.8242368,145.0136894,0,4.89,9.9581845
ORDX08573,2018-02-25,09:41:24,Breakfast,BK,"[('Cereal', 7), ('Pancake', 8), ('Eggs', 4)]",429.0,-37.8197255,144.9792496,0,7.283,14.4409525
ORDJ06855,2018-05-20,12:33:48,Lunch,TP,"[('Fries', 4), ('Chicken', 4)]",176.0,-37.8019742,144.957198,0,9.51,14.1518677
ORDC02694,2018-04-24,11:43:05,Breakfast,NS,"[('Pancake', 7), ('Cereal', 8), ('Coffee', 6), ('Eggs', 4)]",470.75,-37.8187958,144.9531688,0,9.242,13.8284698
ORDJ01581,2018-09-26,16:47:19,Dinner,TP,"[('Shrimp', 5), ('Pasta', 10), ('Fish&Chips', 9), ('Salmon', 3)]",983.0,-37.8156652,144.9740386,0,8.359,12.5551732
ORDJ05207,2018-01-09,08:10:08,Breakfast,TP,"[('Pancake', 7), ('Eggs', 4), ('Coffee', 8)]",317.75,-37.8042277,144.9817977,1,10.158,5.990737
ORDZ04749,2018-06-26,13:44:47,Lunch,NS,"[('Steak', 8), ('Fries', 4)]",408.0,-37.8257466,144.9844918,0,9.54,14.7031143
ORDB07430,2018-10-07,17:17:44,Dinner,TP,"[('Fish&Chips', 3), ('Salmon', 2)]",187.0,-37.8021246,144.9659489,0,9.652,15.0101886
ORDI09428,2018-04-23,11:43:05,Breakfast,NS,"[('Coffee', 3), ('Cereal', 7), ('Eggs', 6)]",301.5,-37.8192582,144.9528011,0,9.298,14.5594224
ORDK00208,2018-07-05,14:05:04,Lunch,BK,"[('Burger', 9), ('Fries', 3), ('Salad', 8)]",452.6,-37.8004517,144.9599314,0,8.251,14.1511459
ORDY07400,2018-03-27,10:42:15,Breakfast,TP,"[('Eggs', 6), ('Pancake', 8), ('Cereal', 10)]",536.0,-37.8147072,144.966842,0,8.097,10.7203508
ORDX07979,2018-06-08,13:14:21,Lunch,BK,"[('Steak', 9), ('Burger', 4)]",529.0,-37.8193232,144.9833649,0,6.46,12.4722274
ORDI02031,2018-03-02,09:51:32,Breakfast,NS,"[('Coffee', 10), ('Cereal', 3), ('Eggs', 7), ('Pancake', 9)]",510.25,-37.8184877,144.99459,0,9.686,14.6874016
ORDB08706,2018-07-26,14:45:38,Lunch,TP,"[('Salad', 10), ('Steak', 3), ('Chicken', 5), ('Burger', 6)]",653.0,-37.8239685,144.9827317,0,8.682,12.187482
ORDA00890,2018-04-11,11:12:40,Breakfast,BK,"[('Eggs', 5), ('Cereal', 8), ('Coffee', 3), ('Pancake', 4)]",397.5,-37.8406543,144.9930679,0,10.893,16.3632688
ORDB00896,2018-08-04,15:05:54,Lunch,TP,"[('Fries', 3), ('Burger', 8), ('Steak', 5)]",509.0,-37.8033419,144.9500906,0,9.958,14.4960021
ORDJ03862,2018-05-26,12:43:56,Lunch,TP,"[('Burger', 7), ('Steak', 9), ('Fries', 2)]",646.0,-37.8253426,144.9513179,0,8.525,12.7843655
ORDA06589,2018-06-23,13:44:47,Lunch,BK,"[('Burger', 7), ('Steak', 2), ('Salad', 3), ('Fries', 7), ('Chicken', 6)]",634.6,-37.8000381,145.0000366,0,5.302,13.385479
ORDC04534,2018-05-09,12:13:31,Lunch,NS,"[('Burger', 2), ('Fries', 5), ('Chicken', 8)]",378.0,-37.8253991,144.9443885,0,10.859,15.9057735
ORDI09414,2018-06-04,13:04:13,Lunch,NS,"[('Fries', 3), ('Salad', 1), ('Chicken', 6)]",245.2,-37.8202606,144.9695443,0,8.659,14.3659226
ORDZ00406,2018-05-09,12:13:31,Lunch,NS,"[('Salad', 3), ('Steak', 8), ('Fries', 3)]",447.6,-37.8169311,144.9881284,0,9.054,14.9027039
ORDY02707,2018-10-28,17:58:18,Dinner,TP,"[('Shrimp', 7), ('Salmon', 5)]",583.0,-37.8089487,144.9485829,0,9.668,15.2089637
ORDK10674,2018-12-01,18:59:09,Dinner,BK,"[('Shrimp', 10), ('Salmon', 9)]",909.0,-37.8156495,144.9639803,0,7.78,17.0803261
ORDJ06484,2018-10-02,17:07:36,Dinner,TP,"[('Shrimp', 9), ('Fish&Chips', 1)]",521.0,-37.8002994,144.9776731,0,10.187,7.24537395
ORDI08053,2018-06-01,12:54:05,Lunch,NS,"[('Steak', 1), ('Chicken', 1), ('Salad', 6)]",180.2,-37.8043579,144.9706121,0,6.657,12.0177892
ORDY08720,2018-12-11,19:19:26,Dinner,TP,"[('Shrimp', 9), ('Pasta', 4), ('Salmon', 9)]",965.0,-37.8110061,144.9391056,0,10.237,14.3172004
ORDK06383,2018-06-17,13:24:30,Lunch,BK,"[('Fries', 9), ('Burger', 10), ('Chicken', 6), ('Steak', 3)]",745.0,-37.8021655,144.9645182,0,7.721,16.2677495
ORDI02588,2018-11-05,18:08:27,Dinner,NS,"[('Salmon', 5), ('Shrimp', 5), ('Pasta', 5), ('Fish&Chips', 8)]",892.5,-37.8136136,144.9741739,0,7.712,13.74082
ORDC02745,2018-01-03,08:00:00,Breakfast,NS,"[('Eggs', 3), ('Cereal', 5), ('Coffee', 9)]",238.5,-37.8031878,144.9367171,1,10.105,7.0957311
ORDA01087,2018-03-31,10:52:23,Breakfast,BK,"[('Coffee', 10), ('Cereal', 9), ('Pancake', 6)]",409.5,-37.8069216,144.9589694,0,7.847,15.4254332
ORDI06741,2018-06-07,13:14:21,Lunch,NS,"[('Steak', 4), ('Burger', 2), ('Fries', 5), ('Salad', 4), ('Chicken', 5)]",530.8,-37.8154817,144.9454612,0,9.203,14.6900792
ORDB03605,2018-02-28,09:51:32,Breakfast,TP,"[('Coffee', 9), ('Pancake', 4), ('Cereal', 4)]",248.5,-37.8063969,144.9322957,0,10.986,13.1257096
ORDI05698,2018-09-15,16:27:02,Dinner,NS,"[('Shrimp', 9), ('Fish&Chips', 3), ('Salmon', 9)]",960.0,-37.8140304,144.9396809,0,9.644,17.4650019
ORDX04133,2018-10-28,17:58:18,Dinner,BK,"[('Salmon', 7), ('Shrimp', 1), ('Pasta', 8), ('Fish&Chips', 1)]",596.0,-37.8091669,144.9485268,0,8.927,18.8616351
ORDJ03806,2018-05-23,12:43:56,Lunch,TP,"[('Burger', 1), ('Fries', 7), ('Salad', 8), ('Steak', 4), ('Chicken', 9)]",720.6,-37.815195,144.9896394,0,9.992,12.5810757
ORDA10626,2018-01-17,08:30:25,Breakfast,BK,"[('Coffee', 8), ('Eggs', 10)]",280.0,-37.8063483,144.9571411,1,7.981,9.7540455
ORDC09195,2018-09-02,16:06:45,Dinner,NS,"[('Pasta', 4), ('Shrimp', 2), ('Salmon', 4), ('Fish&Chips', 6)]",592.0,-37.8136525,144.9370198,0,9.901,17.8673432
ORDK09323,2018-08-01,14:55:46,Lunch,BK,"[('Fries', 6), ('Steak', 2), ('Burger', 8), ('Salad', 7)]",530.4,-37.8187252,144.9166737,0,11.956,18.3205566
ORDX01966,2018-08-21,15:36:20,Lunch,BK,"[('Chicken', 8), ('Steak', 4), ('Fries', 3)]",472.0,-37.8187275,144.9681008,0,7.518,13.0189608
ORDJ01997,2018-02-22,09:41:24,Breakfast,TP,"[('Eggs', 1), ('Coffee', 10)]",97.0,-37.8261097,144.9847972,0,9.182,11.5858194
ORDB00080,2018-06-18,13:34:38,Lunch,TP,"[('Fries', 8), ('Burger', 3)]",189.0,-37.8132125,144.973846,0,8.63,11.9538071
ORDJ02733,2018-05-17,12:23:39,Lunch,TP,"[('Chicken', 2), ('Burger', 9)]",343.0,-37.8125165,144.9651979,0,8.324,11.9580561
ORDZ08058,2018-06-16,13:24:30,Lunch,NS,"[('Burger', 6), ('Salad', 10), ('Fries', 4), ('Steak', 3), ('Chicken', 5)]",701.0,-37.822442,144.9846368,0,9.071,16.0095239
ORDX02040,2018-07-10,14:15:12,Lunch,BK,"[('Chicken', 3), ('Fries', 5), ('Salad', 1), ('Steak', 5)]",398.2,-37.8246995,144.9847221,0,6.842,12.90787
ORDA02973,2018-11-16,18:38:52,Dinner,BK,"[('Shrimp', 5), ('Pasta', 4)]",380.0,-37.8186204,144.961466,0,8.063,15.2842021
ORDK03457,2018-03-06,10:01:41,Breakfast,BK,"[('Pancake', 7), ('Eggs', 1)]",191.75,-37.8098047,144.9766195,0,6.506,11.6691844
ORDB05996,2018-10-17,17:38:01,Dinner,TP,"[('Shrimp', 8), ('Salmon', 6), ('Pasta', 1)]",705.5,-37.8016544,144.9497955,0,10.099,14.4076714
ORDX09829,2018-08-27,15:56:37,Lunch,BK,"[('Burger', 4), ('Steak', 4), ('Salad', 6)]",407.2,-37.8194228,144.9542336,0,8.731,14.4445009
ORDI04914,2018-03-24,10:42:15,Breakfast,NS,"[('Eggs', 7), ('Cereal', 4), ('Coffee', 7)]",290.5,-37.8185805,144.984077,0,8.948,15.6268253
ORDJ06114,2018-10-05,17:07:36,Dinner,TP,"[('Salmon', 1), ('Pasta', 5), ('Fish&Chips', 4)]",318.5,-37.8087869,144.9667438,0,8.891,13.0362501
ORDZ10566,2018-11-13,18:28:43,Dinner,NS,"[('Pasta', 2), ('Salmon', 2), ('Shrimp', 4), ('Fish&Chips', 8)]",633.0,-37.798621,144.9673687,0,6.538,12.3398478
ORDJ01045,2018-05-29,12:54:05,Lunch,TP,"[('Burger', 6), ('Chicken', 1), ('Steak', 5), ('Fries', 10), ('Salad', 5)]",649.0,-37.8138551,144.9788642,0,8.954,12.7470015
ORDZ02412,2018-04-20,11:32:57,Breakfast,NS,"[('Pancake', 4), ('Cereal', 7)]",244.0,-37.818398,144.9685555,0,8.627,13.5664125
ORDI05871,2018-02-09,09:10:59,Breakfast,NS,"[('Coffee', 2), ('Pancake', 2), ('Cereal', 6), ('Eggs', 1)]",211.5,-37.8127815,144.967927,0,7.637,19.0230696
ORDZ06161,2018-08-23,15:46:28,Lunch,NS,"[('Burger', 10), ('Chicken', 3), ('Fries', 7)]",490.0,-37.8231925,144.988235,0,9.409,14.5295386
ORDI10586,2018-04-26,11:43:05,Breakfast,NS,"[('Cereal', 1), ('Eggs', 1)]",43.0,-37.8184197,144.966889,0,8.464,13.970538
